author_id;author_name;author_surname;book_id;book_title;fbusta_id;size
0;Фёдор Александрович;Абрамов;1;Братья и сестры;158030;247
0;Фёдор Александрович;Абрамов;2;Две зимы и три лета;158033;293
0;Фёдор Александрович;Абрамов;3;Пути-перепутья;158036;254
0;Фёдор Александрович;Абрамов;4;Дом;158032;242
1;Борис;Акунин;5;Нефритовые четки;144729;575
1;Борис;Акунин;6;Турецкий гамбит;305713;172
1;Борис;Акунин;7;Статский советник;461230;250
1;Борис;Акунин;8;Алтын-Толобас;131819;314
1;Борис;Акунин;9;Ф. М.;191882;422
2;Светлана Александровна;Алексиевич;10;У войны - не женское лицо…;70938;256
2;Светлана Александровна;Алексиевич;11;Последние свидетели (сто недетских рассказов);122399;171
2;Светлана Александровна;Алексиевич;12;Цинковые мальчики;427115;244
2;Светлана Александровна;Алексиевич;13;Чернобыльская молитва. Хроника будущего;426018;237
2;Светлана Александровна;Алексиевич;14;Время секонд хэнд;426019;398
3;Анатолий Георгиевич;Алексин;15;Безумная Евдокия;347944;30
3;Анатолий Георгиевич;Алексин;16;Мой брат играет на кларнете;1061;34
3;Анатолий Георгиевич;Алексин;17;Поздний ребенок;1068;56
3;Анатолий Георгиевич;Алексин;18;Раздел имущества;1070;35
3;Анатолий Георгиевич;Алексин;19;Здоровые и больные;122412;42
4;Пётр Маркович;Алешковский;20;Институт сновидений;141811;234
5;Юз;Алешковский;21;Кенгуру;1122;191
4;Пётр Маркович;Алешковский;22;Крепость;435044;446
5;Юз;Алешковский;23;Кыш, Двапортфеля и целая неделя;452856;129
5;Юз;Алешковский;24;Маленький тюремный роман;452850;212
5;Юз;Алешковский;25;Предпоследняя жизнь. Записки везунчика;339822;337
5;Юз;Алешковский;26;Рука;106459;354
5;Юз;Алешковский;27;Синенький скромный платочек. Скорбная повесть;452870;107
6;Леонид Николаевич;Андреев;28;Ангелочек;125257;14
7;Даниил Леонидович;Андреев;29;Железная мистерия;187978;372
6;Леонид Николаевич;Андреев;30;Иуда Искариот;288557;60
6;Леонид Николаевич;Андреев;31;Красный смех;65864;56
6;Леонид Николаевич;Андреев;32;Рассказ о семи повешенных;65888;70
7;Даниил Леонидович;Андреев;33;Роза Мира;245158;729
6;Леонид Николаевич;Андреев;34;Жизнь Василия Фивейского;70850;78
8;Виктор Петрович;Астафьев;35;Кража;131803;232
8;Виктор Петрович;Астафьев;36;Пастух и пастушка;2713;133
8;Виктор Петрович;Астафьев;37;Печальный детектив;2714;121
8;Виктор Петрович;Астафьев;38;Царь-рыба;378886;382
8;Виктор Петрович;Астафьев;39;Звездопад;132240;79
9;Аркадий Тимофеевич;Аверченко;40;Дюжина ножей в спину революции;159215;39
9;Аркадий Тимофеевич;Аверченко;41;О маленьких – для больших;169499;123
9;Аркадий Тимофеевич;Аверченко;42;Подходцев и двое других;159231;128
9;Аркадий Тимофеевич;Аверченко;43;Разумная экономия;417321;5
9;Аркадий Тимофеевич;Аверченко;44;Шутка мецената;159241;105
10;Чингиз;Айтматов;45;Белый пароход;150859;113
10;Чингиз;Айтматов;46;И дольше века длится день;396348;380
10;Чингиз;Айтматов;47;Пегий пес, бегущий краем моря;65797;81
10;Чингиз;Айтматов;48;Плаха;65796;298
10;Чингиз;Айтматов;49;Прощай, Гульсары!;121106;146
11;Исаак Эммануилович;Бабель;50;Беня Крик;194629;38
11;Исаак Эммануилович;Бабель;51;Конармия;310689;114
11;Исаак Эммануилович;Бабель;52;Одесские рассказы;166541;98
12;Павел Петрович;Бажов;53;Дальнее - близкое;143390;72
12;Павел Петрович;Бажов;54;Синюшкин колодец;373851;12
12;Павел Петрович;Бажов;55;Малахитовая шкатулка;143208;23
12;Павел Петрович;Бажов;56;Медной горы хозяйка;143109;9
12;Павел Петрович;Бажов;57;За Советскую правду;143401;41
13;Василий Иванович;Белов;58;Плотницкие рассказы;203086;80
13;Василий Иванович;Белов;59;Привычное дело;158230;256
13;Василий Иванович;Белов;60;Воспитание по доктору Споку;202510;32
13;Василий Иванович;Белов;61;Все впереди;315732;214
14;Александр Романович;Беляев;62;Человек, потерявший лицо;145500;76
14;Александр Романович;Беляев;63;Человек, потерявший лицо;145500;76
14;Александр Романович;Беляев;64;Человек-амфибия;245744;305
14;Александр Романович;Беляев;65;Продавец воздуха;245745;305
14;Александр Романович;Беляев;66;Голова профессора Доуэля;245747;289
15;Андрей;Белый;67;Том 3. Московский чудак. Москва под ударом;241406;379
15;Андрей;Белый;68;Том 4. Маски;241407;437
15;Андрей;Белый;69;Том 4. Маски;241407;437
15;Андрей;Белый;70;Серебряный голубь;93198;319
16;Александр Александрович;Бестужев-Марлинский;71;Испытание;329585;67
16;Александр Александрович;Бестужев-Марлинский;72;Наезды;235106;78
16;Александр Александрович;Бестужев-Марлинский;73;Ночь на корабле;281433;361
16;Александр Александрович;Бестужев-Марлинский;74;Страшное гаданье;225045;31
16;Александр Александрович;Бестужев-Марлинский;75;Вечер на бивуаке;329591;10
17;Андрей Георгиевич;Битов;76;Дворец без царя;290869;123
17;Андрей Георгиевич;Битов;77;Лес. Повесть;249472;80
17;Андрей Георгиевич;Битов;78;Ожидание обезьян;469526;178
17;Андрей Георгиевич;Битов;79;Преподаватель симметрии;383719;357
17;Андрей Георгиевич;Битов;80;Пушкинский Дом;246296;417
18;Александр Александрович;Блок;81;Возмездие;191842;51
19;Юрий Васильевич;Бондарев;82;Батальоны просят огня (редакция №1);465414;192
19;Юрий Васильевич;Бондарев;83;Берег;472356;408
19;Юрий Васильевич;Бондарев;84;Горячий снег;276869;364
19;Юрий Васильевич;Бондарев;85;Последние залпы;468939;163
19;Юрий Васильевич;Бондарев;86;Тишина;462693;395
19;Юрий Васильевич;Бондарев;87;Юность командиров;465421;259
20;Михаил Афанасьевич;Булгаков;88;Белая гвардия;261423;249
20;Михаил Афанасьевич;Булгаков;89;Мастер и Маргарита;66372;386
20;Михаил Афанасьевич;Булгаков;90;Роковые яйца;66373;71
20;Михаил Афанасьевич;Булгаков;91;Собачье сердце;102112;93
20;Михаил Афанасьевич;Булгаков;92;Театральный роман;169333;146
21;Кир;Булычев;93;А слёзы капали;497119;60
21;Кир;Булычев;94;Чужая память;508078;88
21;Кир;Булычев;95;Город наверху;497239;157
21;Кир;Булычев;96;Перпендикулярный мир;408502;352
21;Кир;Булычев;97;Смерть этажом ниже;461703;171
22;Иван Алексеевич;Бунин;98;Антоновские яблоки;168440;14
22;Иван Алексеевич;Бунин;99;Деревня;168499;118
22;Иван Алексеевич;Бунин;100;Митина любовь;9807;53
22;Иван Алексеевич;Бунин;101;Суходол;168511;53
22;Иван Алексеевич;Бунин;102;Темные аллеи;168549;219
22;Иван Алексеевич;Бунин;103;Жизнь Арсеньева;61787;254
23;Василь;Быков;104;Дожить до рассвета;177179;135
24;Дмитрий Львович;Быков;105;Икс;299188;145
23;Василь;Быков;106;Мертвым не больно;164826;231
23;Василь;Быков;107;Обелиск;458130;70
24;Дмитрий Львович;Быков;108;Оправдание;113370;216
24;Дмитрий Львович;Быков;109;Орфография;113372;616
24;Дмитрий Львович;Быков;110;Остромов, или Ученик чародея;226611;678
23;Василь;Быков;111;Сотников;456338;153
23;Василь;Быков;112;Журавлиный крик;72150;85
25;Лидия Алексеевна;Чарская;113;Княжна Джаваха;145837;168
25;Лидия Алексеевна;Чарская;114;Записки институтки;145313;131
25;Лидия Алексеевна;Чарская;115;Люда Влассовская;146363;218
25;Лидия Алексеевна;Чарская;116;Вторая Нина;147347;166
25;Лидия Алексеевна;Чарская;117;Смелая жизнь;144277;218
25;Лидия Алексеевна;Чарская;118;Записки маленькой гимназистки;434838;99
26;Антон Павлович;Чехов;119;Чайка;124468;50
26;Антон Павлович;Чехов;120;Дама с собачкой;169385;16
26;Антон Павлович;Чехов;121;Драма на охоте;10547;173
26;Антон Павлович;Чехов;122;Чехов А. П. Степь;252791;192
26;Антон Павлович;Чехов;123;Палата № 6;295292;52
26;Антон Павлович;Чехов;124;Три сестры;124470;62
26;Антон Павлович;Чехов;125;В овраге;169265;36
26;Антон Павлович;Чехов;126;Вишневый сад;124471;50
27;Николай Гаврилович;Чернышевский;127;Что делать?;402002;428
27;Николай Гаврилович;Чернышевский;128;Что делать?;402002;428
27;Николай Гаврилович;Чернышевский;129;Пролог;322556;429
27;Николай Гаврилович;Чернышевский;130;Кормило кормчему;434237;33
28;Корней Иванович;Чуковский;131;Серебряный герб;186744;125
28;Корней Иванович;Чуковский;132;Солнечная;276413;64
28;Корней Иванович;Чуковский;133;Бородуля;351215;46
29;Леонид Иванович;Добычин;134;Евдокия;168494;16
29;Леонид Иванович;Добычин;135;Город Эн;168496;77
29;Леонид Иванович;Добычин;136;Козлова;168474;6
29;Леонид Иванович;Добычин;137;Шуркина родня;168454;56
29;Леонид Иванович;Добычин;138;Встречи с Лиз;168475;6
30;Юрий Осипович;Домбровский;139;Державин;13577;179
30;Юрий Осипович;Домбровский;140;Факультет ненужных вещей;13578;527
30;Юрий Осипович;Домбровский;141;Хранитель древностей;245162;853
30;Юрий Осипович;Домбровский;142;Обезьяна приходит за своим черепом;221879;377
30;Юрий Осипович;Домбровский;143;Рождение мыши;316680;423
31;Дарья;Донцова;144;Бермудский треугольник черной вдовы;430633;244
32;Федор Михайлович;Достоевский;145;Бесы;169991;648
32;Федор Михайлович;Достоевский;146;Братья Карамазовы;492702;947
32;Федор Михайлович;Достоевский;147;Идиот;72596;639
32;Федор Михайлович;Достоевский;148;Преступление и наказание;388665;836
32;Федор Михайлович;Достоевский;149;Подросток;72594;570
32;Федор Михайлович;Достоевский;150;Записки из подполья;174111;117
33;Сергей Донатович;Довлатов;151;Филиал;348800;101
33;Сергей Донатович;Довлатов;152;Иностранка;348601;95
33;Сергей Донатович;Довлатов;153;Зона. Записки надзирателя;348600;143
33;Сергей Донатович;Довлатов;154;Заповедник;348602;97
34;Виктор Юзефович;Драгунский;155;Девочка на шаре;418712;178
34;Виктор Юзефович;Драгунский;156;Он упал на траву…;441225;128
34;Виктор Юзефович;Драгунский;157;Сегодня и ежедневно;413386;95
35;Владимир Дмитриевич;Дудинцев;158;Белые одежды;365436;640
35;Владимир Дмитриевич;Дудинцев;159;Не хлебом единым;105764;406
35;Владимир Дмитриевич;Дудинцев;160;Новогодняя сказка;372308;30
35;Владимир Дмитриевич;Дудинцев;161;Новогодняя сказка;372308;30
36;Иван Антонович;Ефремов;162;Лезвие бритвы;387472;353
36;Иван Антонович;Ефремов;163;Сердце змеи;387469;186
36;Иван Антонович;Ефремов;164;Час Быка;133556;141
37;Илья Григорьевич;Эренбург;165;Бурная жизнь Лазика Ройтшванеца;283349;208
37;Илья Григорьевич;Эренбург;166;Буря;220501;799
37;Илья Григорьевич;Эренбург;167;Что человеку надо;459684;115
37;Илья Григорьевич;Эренбург;168;Оттепель;350166;239
37;Илья Григорьевич;Эренбург;169;Заговор равных;391821;150
38;Виктор Владимирович;Ерофеев;170;Акимуды;371214;406
39;Венедикт Васильевич;Ерофеев;171;Москва – Петушки;282345;107
39;Венедикт Васильевич;Ерофеев;172;Записки психопата;15832;116
38;Виктор Владимирович;Ерофеев;173;Жизнь с идиотом;15844;17
40;Александр Александрович;Фадеев;174;Молодая Гвардия;184141;530
40;Александр Александрович;Фадеев;175;Последний из удэге;181284;539
40;Александр Александрович;Фадеев;176;Разгром;153202;150
40;Александр Александрович;Фадеев;177;Разлив;181286;68
40;Александр Александрович;Фадеев;178;Рождение Амгуньского полка;181285;33
41;Константин Александрович;Федин;179;Города и годы;176408;357
41;Константин Александрович;Федин;180;Первые радости;151379;349
41;Константин Александрович;Федин;181;Необыкновенное лето;115721;680
41;Константин Александрович;Федин;182;Санаторий Арктур;467612;130
41;Константин Александрович;Федин;183;Старик;268774;37
41;Константин Александрович;Федин;184;Трансвааль;276176;47
42;Дмитрий Андреевич;Фурманов;185;Чапаев;81567;272
42;Дмитрий Андреевич;Фурманов;186;Красный десант;320060;28
42;Дмитрий Андреевич;Фурманов;187;Мятеж;320065;346
43;Николай Георгиевич;Гарин-Михайловский;188;Детство Темы;420076;137
43;Николай Георгиевич;Гарин-Михайловский;189;Гимназисты;168605;284
43;Николай Георгиевич;Гарин-Михайловский;190;Студенты;18173;216
43;Николай Георгиевич;Гарин-Михайловский;191;Инженеры;18170;274
44;Всеволод Михайлович;Гаршин;192;Художники;410816;18
44;Всеволод Михайлович;Гаршин;193;Красный цветок;149352;15
44;Всеволод Михайлович;Гаршин;194;Надежда Николаевна;225656;62
44;Всеволод Михайлович;Гаршин;195;Очень коротенький роман;410779;5
44;Всеволод Михайлович;Гаршин;196;Происшествие;410819;16
44;Всеволод Михайлович;Гаршин;197;Трус;149355;20
44;Всеволод Михайлович;Гаршин;198;Встреча;410821;19
45;Аркадий Петрович;Гайдар;199;Тимур и его команда;103588;62
45;Аркадий Петрович;Гайдар;200;Военная тайна;153134;100
45;Аркадий Петрович;Гайдар;201;Чук и Гек;115826;27
45;Аркадий Петрович;Гайдар;202;Голубая чашка;17600;25
45;Аркадий Петрович;Гайдар;203;В дни поражений и побед;169075;114
46;Гайто Иванович;Газданов;204;Ночные дороги;380247;195
46;Гайто Иванович;Газданов;205;Призрак Александра Вольфа;366492;123
46;Гайто Иванович;Газданов;206;Пробуждение;18565;108
46;Гайто Иванович;Газданов;207;Вечер у Клэр;237783;136
46;Гайто Иванович;Газданов;208;Возвращение Будды;18570;140
47;Андрей Валерьевич;Геласимов;209;Фокс Малдер похож на свинью;459948;46
47;Андрей Валерьевич;Геласимов;210;Холод;399576;224
47;Андрей Валерьевич;Геласимов;211;Роза ветров;532519;378
47;Андрей Валерьевич;Геласимов;212;Жанна;459952;18
48;Александр Иванович;Герцен;213;Былое и думы;168751;652
48;Александр Иванович;Герцен;214;Долг прежде всего;312254;58
48;Александр Иванович;Герцен;215;Кто виноват?;102649;211
48;Александр Иванович;Герцен;216;Легенда;18802;26
48;Александр Иванович;Герцен;217;Скуки ради;18805;43
49;Федор Васильевич;Гладков;218;Цемент;204613;248
49;Федор Васильевич;Гладков;219;Маша из Заполья;521006;31
49;Федор Васильевич;Гладков;220;Вольница;204612;538
49;Федор Васильевич;Гладков;221;Лихая година;334920;348
49;Федор Васильевич;Гладков;222;Зеленя;481165;18
50;Николай Васильевич;Гоголь;223;Гоголь Н. В. Тарас Бульба;384916;268
50;Николай Васильевич;Гоголь;224;Невский проспект;96411;33
50;Николай Васильевич;Гоголь;225;Мертвые души;102645;369
50;Николай Васильевич;Гоголь;226;Старосветские помещики;159963;23
50;Николай Васильевич;Гоголь;227;Вий;74285;38
50;Николай Васильевич;Гоголь;228;Нос;96412;24
50;Николай Васильевич;Гоголь;229;Портрет;96414;52
50;Николай Васильевич;Гоголь;230;Ревизор;74281;77
50;Николай Васильевич;Гоголь;231;Шинель;281553;30
50;Николай Васильевич;Гоголь;232;Вечера на хуторе близ Диканьки;74286;197
50;Николай Васильевич;Гоголь;233;Записки сумасшедшего;96420;20
51;Иван Александрович;Гончаров;234;Обломов;485060;534
51;Иван Александрович;Гончаров;235;Иван Савич Поджабрин;19604;74
51;Иван Александрович;Гончаров;236;Обломов;395621;699
51;Иван Александрович;Гончаров;237;Мильон терзаний;19607;33
51;Иван Александрович;Гончаров;238;Обрыв;74105;778
51;Иван Александрович;Гончаров;239;Обыкновенная история;173116;320
52;Максим;Горький;240;Дело Артамоновых;225353;271
52;Максим;Горький;241;Мать;19772;309
52;Максим;Горький;242;На дне;19794;65
52;Максим;Горький;243;Мои университеты;19780;123
53;Даниил Александрович;Гранин;244;Еще заметен след;149025;83
53;Даниил Александрович;Гранин;245;Иду на грозу;499588;357
53;Даниил Александрович;Гранин;246;Искатели;498584;425
53;Даниил Александрович;Гранин;247;Картина;20477;350
53;Даниил Александрович;Гранин;248;Наш дорогой Роман Авдеевич;490942;76
54;Александр;Грин;249;Алые паруса;151346;64
54;Александр;Грин;250;Блистающий мир;74681;149
54;Александр;Грин;251;Недотрога;347230;43
54;Александр;Грин;252;Сокровище африканских гор;347229;125
54;Александр;Грин;253;Золотая цепь;168579;126
55;Евгений Валерьевич;Гришковец;254;А.....а;189626;122
55;Евгений Валерьевич;Гришковец;255;Асфальт;183415;369
55;Евгений Валерьевич;Гришковец;256;Реки;183416;96
55;Евгений Валерьевич;Гришковец;257;Рубашка;186275;162
56;Василий Семёнович;Гроссман;258;Четыре дня;21389;43
56;Василий Семёнович;Гроссман;259;Добро вам!;21390;60
56;Василий Семёнович;Гроссман;260;Годы войны;324313;426
56;Василий Семёнович;Гроссман;261;Все течёт;74518;145
56;Василий Семёнович;Гроссман;262;За правое дело;366727;805
56;Василий Семёнович;Гроссман;263;Жизнь и судьба;312635;863
57;Даниил Иванович;Хармс;264;Елизавета Бам;338689;28
57;Даниил Иванович;Хармс;265;Комедия города Петербурга;218285;40
57;Даниил Иванович;Хармс;266;Случаи;96344;29
57;Даниил Иванович;Хармс;267;Старуха;151383;23
58;Фазиль Абдулович;Искандер;268;Кролики и удавы;70498;145
58;Фазиль Абдулович;Искандер;269;Морской скорпион;153215;227
58;Фазиль Абдулович;Искандер;270;Сандро из Чегема;273618;1387
58;Фазиль Абдулович;Искандер;271;Созвездие Козлотура;156514;117
58;Фазиль Абдулович;Искандер;272;Тринадцатый подвиг Геракла;388896;15
59;Александр Абрамович;Кабаков;273;Невозвращенец;24693;42
59;Александр Абрамович;Кабаков;274;Последний герой;24695;225
59;Александр Абрамович;Кабаков;275;Поздний гость;183166;120
59;Александр Абрамович;Кабаков;276;Сочинитель;24698;125
59;Александр Абрамович;Кабаков;277;Старик и ангел;326601;212
60;Николай Михайлович;Карамзин;278;Бедная Лиза;143864;15
60;Николай Михайлович;Карамзин;279;Чувствительный и холодный;414144;14
60;Николай Михайлович;Карамзин;280;Прекрасная царевна и счастливый карла;414168;10
60;Николай Михайлович;Карамзин;281;Рыцарь нашего времени;402759;26
60;Николай Михайлович;Карамзин;282;Юлия;414175;18
61;Лев Абрамович;Кассиль;283;Будьте готовы, Ваше высочество;68319;100
61;Лев Абрамович;Кассиль;284;Дорогие мои мальчишки;25875;133
61;Лев Абрамович;Кассиль;285;Кондуит и Швамбрания;68317;245
61;Лев Абрамович;Кассиль;286;Ученик чародея;148381;11
62;Валентин Петрович;Катаев;287;Сын полка;109209;157
62;Валентин Петрович;Катаев;288;Белеет парус одинокий;160794;257
62;Валентин Петрович;Катаев;289;Хуторок в степи;126015;295
62;Валентин Петрович;Катаев;290;Катакомбы;436687;357
62;Валентин Петрович;Катаев;291;Время, вперед!;462621;304
62;Валентин Петрович;Катаев;292;Жена;462626;97
63;Вениамин Александрович;Каверин;293;Два капитана;68345;650
63;Вениамин Александрович;Каверин;294;Косой дождь;395365;65
63;Вениамин Александрович;Каверин;295;Открытая книга;68344;720
63;Вениамин Александрович;Каверин;296;Семь пар нечистых;462679;56
64;Эммануил Генрихович;Казакевич;297;Дом на площади;410107;444
64;Эммануил Генрихович;Казакевич;298;Двое в степи;67903;57
64;Эммануил Генрихович;Казакевич;299;Сердце друга;26158;196
64;Эммануил Генрихович;Казакевич;300;Весна на Одере;410084;430
64;Эммануил Генрихович;Казакевич;301;Звезда;131427;75
65;Юрий Павлович;Казаков;302;Арктур – гончий пес;166333;19
65;Юрий Павлович;Казаков;303;Голубое и зеленое;146717;26
65;Юрий Павлович;Казаков;304;Нестор и Кир;26207;27
65;Юрий Павлович;Казаков;305;Тэдди;26215;27
65;Юрий Павлович;Казаков;306;Во сне ты горько плакал;26219;17
66;Владимир Галактионович;Короленко;307;Без языка;220328;136
66;Владимир Галактионович;Короленко;308;В дурном обществе;218025;59
66;Владимир Галактионович;Короленко;309;Слепой музыкант;28799;131
66;Владимир Галактионович;Короленко;310;Сон Макара;28801;27
66;Владимир Галактионович;Короленко;311;Судный день;66988;61
67;Владислав;Крапивин;312;Ковер-самолет;361952;140
67;Владислав;Крапивин;313;Прохождение Венеры по диску Солнца;366383;167
67;Владислав;Крапивин;314;Портфель капитана Румба;438378;156
67;Владислав;Крапивин;315;Трое с площади Карронад;416348;211
67;Владислав;Крапивин;316;Голубятня на желтой поляне;389213;451
68;Феликс Давидович;Кривин;317;Юмор серьезных писателей;289337;429
69;Фёдор Дмитриевич;Крюков;318;На Тихом Дону;298923;102
69;Фёдор Дмитриевич;Крюков;319;Новым строем;298921;59
69;Фёдор Дмитриевич;Крюков;320;Офицерша;298894;75
69;Фёдор Дмитриевич;Крюков;321;Шквал;298891;80
69;Фёдор Дмитриевич;Крюков;322;В глубине;298917;97
70;Александр Иванович;Куприн;323;Гранатовый браслет;67550;46
70;Александр Иванович;Куприн;324;Молох;149214;76
70;Александр Иванович;Куприн;325;Олеся;67536;73
70;Александр Иванович;Куприн;326;Поединок;103387;219
70;Александр Иванович;Куприн;327;Впотьмах;450550;73
71;Иван Иванович;Лажечников;328;Басурман;168343;371
71;Иван Иванович;Лажечников;329;Ледяной дом;388207;335
71;Иван Иванович;Лажечников;330;Последний Новик;98083;542
71;Иван Иванович;Лажечников;331;Внучка панцирного боярина;390696;330
72;Михаил Юрьевич;Лермонтов;332;Демон;169185;131
72;Михаил Юрьевич;Лермонтов;333;Герой нашего времени;69892;137
72;Михаил Юрьевич;Лермонтов;334;Княгиня Лиговская;143082;62
72;Михаил Юрьевич;Лермонтов;335;Вадим;143080;104
73;Николай Семенович;Лесков;336;Леди Макбет Мценского уезда;359870;47
73;Николай Семенович;Лесков;337;Левша;69903;32
73;Николай Семенович;Лесков;338;Очарованный странник;168696;129
73;Николай Семенович;Лесков;339;Соборяне;168624;307
74;Эдуард Вениаминович;Лимонов;340;Американские каникулы;107401;321
74;Эдуард Вениаминович;Лимонов;341;Дневник неудачника, или Секретная тетрадь;107403;93
74;Эдуард Вениаминович;Лимонов;342;Это я - Эдичка;69716;286
74;Эдуард Вениаминович;Лимонов;343;У нас была великая эпоха;111375;136
74;Эдуард Вениаминович;Лимонов;344;Палач;114299;270
74;Эдуард Вениаминович;Лимонов;345;Укрощение тигра в Париже;114298;252
75;Владимир Семенович;Маканин;346;Андеграунд, или Герой нашего времени;69159;500
75;Владимир Семенович;Маканин;347;Асан;250335;343
75;Владимир Семенович;Маканин;348;Две сестры и Кандинский;229998;207
75;Владимир Семенович;Маканин;349;Испуг;254496;311
76;Антон Семенович;Макаренко;350;Честь;230081;300
76;Антон Семенович;Макаренко;351;Педагогическая поэма;69167;633
77;Дмитрий Наркисович;Мамин-Сибиряк;352;Хлеб;69300;413
77;Дмитрий Наркисович;Мамин-Сибиряк;353;Приваловские миллионы;97422;426
77;Дмитрий Наркисович;Мамин-Сибиряк;354;Три конца;97423;401
77;Дмитрий Наркисович;Мамин-Сибиряк;355;Золото;97715;269
78;Осип Эмильевич;Мандельштам;356;Четвертая проза;35517;13
78;Осип Эмильевич;Мандельштам;357;Египетская марка;35519;86
78;Осип Эмильевич;Мандельштам;358;Эссе;217881;103
78;Осип Эмильевич;Мандельштам;359;Шум времени;268404;382
79;Анна Александровна;Матвеева;360;Девять девяностых;370604;241
79;Анна Александровна;Матвеева;361;Небеса;380537;380
79;Анна Александровна;Матвеева;362;Перевал Дятлова;36282;198
79;Анна Александровна;Матвеева;363;Спрятанные реки;535889;157
79;Анна Александровна;Матвеева;364;Завидное чувство Веры Стениной;429871;430
80;Борис Андреевич;Можаев;365;История села Брехова, писанная Петром Афанасиевичем Булкиным;38222;79
80;Борис Андреевич;Можаев;366;Мужики и бабы;173143;789
80;Борис Андреевич;Можаев;367;Полтора квадратных метра;173145;85
80;Борис Андреевич;Можаев;368;Живой;101185;124
81;Владимир Владимирович;Набоков;369;Другие берега;38566;178
81;Владимир Владимирович;Набоков;370;Король, дама, валет;385742;180
81;Владимир Владимирович;Набоков;371;Лолита;232264;351
81;Владимир Владимирович;Набоков;372;Машенька;76082;83
81;Владимир Владимирович;Набоков;373;Защита Лужина;217496;163
81;Владимир Владимирович;Набоков;374;Дар;119564;361
81;Владимир Владимирович;Набоков;375;Приглашение на казнь;322391;135
82;Юрий Маркович;Нагибин;376;Бабье царство;250244;66
82;Юрий Маркович;Нагибин;377;Чистые пруды;331966;209
82;Юрий Маркович;Нагибин;378;Дорожное происшествие;387062;67
82;Юрий Маркович;Нагибин;379;Моя золотая теща;192812;121
82;Юрий Маркович;Нагибин;380;Председатель;250556;114
82;Юрий Маркович;Нагибин;381;Тьма в конце туннеля;200025;146
83;Виктор Платонович;Некрасов;382;Кира Георгиевна;98261;92
83;Виктор Платонович;Некрасов;383;Судак;98266;36
83;Виктор Платонович;Некрасов;384;В окопах Сталинграда;343914;290
83;Виктор Платонович;Некрасов;385;В родном городе;98267;231
83;Виктор Платонович;Некрасов;386;Вторая ночь;376834;39
84;Николай Николаевич;Носов;387;Весёлая семейка;267779;59
84;Николай Николаевич;Носов;388;Весёлая семейка;267779;59
84;Николай Николаевич;Носов;389;Приключения Незнайки и его друзей;287996;122
84;Николай Николаевич;Носов;390;Незнайка в Солнечном городе;287992;219
84;Николай Николаевич;Носов;391;Незнайка на Луне;287990;376
85;Юрий Карлович;Олеша;392;Три толстяка;40835;115
85;Юрий Карлович;Олеша;393;Вишневая косточка;466676;9
85;Юрий Карлович;Олеша;394;Зависть;466667;103
86;Михаил Андреевич;Осоргин;395;Книга о концах;41171;152
86;Михаил Андреевич;Осоргин;396;Сивцев вражек;41176;282
86;Михаил Андреевич;Осоргин;397;Свидетель истории;41177;192
86;Михаил Андреевич;Осоргин;398;Вольный каменщик;259579;218
87;Григорий Бенционович;Остер;399;Дети и эти;317595;113
87;Григорий Бенционович;Остер;400;Котёнок по имени Гав;223826;6
87;Григорий Бенционович;Остер;401;Остров Эскадо;345869;89
87;Григорий Бенционович;Остер;402;Школа ужасов;463551;24
87;Григорий Бенционович;Остер;403;Сказка с подробностями;188644;114
88;Николай Алексеевич;Островский;404;Как закалялась сталь;96350;350
88;Николай Алексеевич;Островский;405;Рожденные бурей;96438;196
89;Борис Леонидович;Пастернак;406;Апеллесова черта;161585;21
89;Борис Леонидович;Пастернак;407;Детство Люверс;77356;50
89;Борис Леонидович;Пастернак;408;Доктор Живаго;264152;548
89;Борис Леонидович;Пастернак;409;Охранная грамота;41779;89
89;Борис Леонидович;Пастернак;410;Воздушные пути;41787;12
90;Вячеслав Алексеевич;Пьецух;411;Бог в городе;358598;30
90;Вячеслав Алексеевич;Пьецух;412;Четвертый Рим;41313;70
90;Вячеслав Алексеевич;Пьецух;413;Государственное Дитя;41322;77
90;Вячеслав Алексеевич;Пьецух;414;Поэт и замарашка;41334;42
90;Вячеслав Алексеевич;Пьецух;415;В предчувствии октября;192328;31
91;Виктор Олегович;Пелевин;416;Generation «П»;539503;236
91;Виктор Олегович;Пелевин;417;Омон Ра;149160;98
91;Виктор Олегович;Пелевин;418;Тайные виды на гору Фудзи;529662;291
91;Виктор Олегович;Пелевин;419;iPhuck 10;499568;294
92;Евгений Петрович;Петров;420;Одноэтажная Америка;168602;372
92;Евгений Петрович;Петров;421;Двенадцать стульев;105610;309
92;Евгений Петрович;Петров;422;Золотой Теленок;271485;473
93;Людмила Стефановна;Петрушевская;423;Время ночь;42569;89
93;Людмила Стефановна;Петрушевская;424;Город Света;42504;73
93;Людмила Стефановна;Петрушевская;425;История живописца;42506;24
93;Людмила Стефановна;Петрушевская;426;Маленькая волшебница;42521;100
93;Людмила Стефановна;Петрушевская;427;Номер Один, или В садах других возможнос­тей;185862;205
93;Людмила Стефановна;Петрушевская;428;Свой круг;42559;24
94;Валентин Саввич;Пикуль;429;Баязет;76743;533
94;Валентин Саввич;Пикуль;430;Богатство;76738;266
94;Валентин Саввич;Пикуль;431;Фаворит;282166;1137
94;Валентин Саввич;Пикуль;432;Каторга;361630;406
94;Валентин Саввич;Пикуль;433;Париж на три часа;159593;96
94;Валентин Саввич;Пикуль;434;Париж на три часа;159593;96
94;Валентин Саввич;Пикуль;435;Слово и дело;76728;1192
94;Валентин Саввич;Пикуль;436;Три возраста Окини-сан;76721;407
94;Валентин Саввич;Пикуль;437;Янычары;117933;114
95;Борис;Пильняк;438;Голый год;167283;141
95;Борис;Пильняк;439;Красное дерево;42843;42
95;Борис;Пильняк;440;Мать сыра-земля;42844;47
95;Борис;Пильняк;441;Повесть непогашенной луны;202517;37
95;Борис;Пильняк;442;Повесть о ключах и глине;167287;27
95;Борис;Пильняк;443;Заволочье;160167;72
96;Андрей Платонович;Платонов;444;Чевенгур;162997;399
96;Андрей Платонович;Платонов;445;Город Градов;43142;31
96;Андрей Платонович;Платонов;446;Котлован;43150;114
96;Андрей Платонович;Платонов;447;Счастливая Москва;43179;95
96;Андрей Платонович;Платонов;448;Третий сын;43192;6
97;Антоний;Погорельский;449;Черная курица, или Подземные жители;110929;31
97;Антоний;Погорельский;450;Двойник или мои вечера в Малороссии (Часть 1);43664;56
97;Антоний;Погорельский;451;Двойник или мои вечера в Малороссии (Часть 2);43665;66
97;Антоний;Погорельский;452;Лафертовская маковница;43667;24
98;Борис Николаевич;Полевой;453;Повесть о настоящем человеке;43759;288
98;Борис Николаевич;Полевой;454;Глубокий тыл;162247;533
98;Борис Николаевич;Полевой;455;На диком бреге;159730;555
98;Борис Николаевич;Полевой;456;Золото;147400;480
99;Николай Герасимович;Помяловский;457;Данилушка;150291;12
99;Николай Герасимович;Помяловский;458;Долбня;320175;10
99;Николай Герасимович;Помяловский;459;Мещанское счастье;312454;91
99;Николай Герасимович;Помяловский;460;Молотов;320174;155
99;Николай Герасимович;Помяловский;461;Очерки бурсы;313626;168
99;Николай Герасимович;Помяловский;462;Вукол;150293;20
100;Валерий Георгиевич;Попов;463;Горящий рукав;143525;293
100;Валерий Георгиевич;Попов;464;Иногда промелькнет;311032;152
100;Валерий Георгиевич;Попов;465;Плясать до смерти;324661;161
100;Валерий Георгиевич;Попов;466;Третье дыхание;143528;189
100;Валерий Георгиевич;Попов;467;Ужас победы;143529;113
101;Захар;Прилепин;468;Ботинки, полные горячей водки;133578;110
101;Захар;Прилепин;469;Грех;143531;24
101;Захар;Прилепин;470;Обитель;365649;674
101;Захар;Прилепин;471;Патологии;238059;252
101;Захар;Прилепин;472;Санькя;239744;276
102;Михаил Михайлович;Пришвин;473;Кащеева цепь;182848;518
102;Михаил Михайлович;Пришвин;474;Королева бобров;97141;59
102;Михаил Михайлович;Пришвин;475;Том 3. Журавлиная родина. Календарь природы;397889;536
102;Михаил Михайлович;Пришвин;476;Том 6. Осударева дорога. Корабельная чаща;397886;446
102;Михаил Михайлович;Пришвин;477;Том 6. Осударева дорога. Корабельная чаща;397886;446
103;Анатолий Игнатьевич;Приставкин;478;Городок;445820;465
103;Анатолий Игнатьевич;Приставкин;479;Кукушата, или Жалобная песнь для успокоения сердца;412700;199
103;Анатолий Игнатьевич;Приставкин;480;Ночевала тучка золотая;232269;251
103;Анатолий Игнатьевич;Приставкин;481;Солдат и мальчик;77143;207
104;Александр Андреевич;Проханов;482;Чеченский блюз;44509;221
104;Александр Андреевич;Проханов;483;Господин Гексоген;44510;436
104;Александр Андреевич;Проханов;484;Идущие в ночи;77113;263
104;Александр Андреевич;Проханов;485;Место действия;185965;271
104;Александр Андреевич;Проханов;486;Шестьсот лет после битвы;234281;514
104;Александр Андреевич;Проханов;487;Время золотое;338383;308
105;Софья Леонидовна;Прокофьева;488;Босая принцесса;183128;74
105;Софья Леонидовна;Прокофьева;489;Остров капитанов;183317;103
105;Софья Леонидовна;Прокофьева;490;Пока бьют часы;183107;71
105;Софья Леонидовна;Прокофьева;491;Приключения жёлтого чемоданчика;183209;37
105;Софья Леонидовна;Прокофьева;492;Сказка о ветре в безветренный день;457262;113
105;Софья Леонидовна;Прокофьева;493;Ученик волшебника;183311;90
106;Александр Сергеевич;Пушкин;494;Борис Годунов;173154;112
106;Александр Сергеевич;Пушкин;495;Цыганы;107678;24
106;Александр Сергеевич;Пушкин;496;Дубровский;253788;68
106;Александр Сергеевич;Пушкин;497;Евгений Онегин;123391;182
106;Александр Сергеевич;Пушкин;498;Капитанская дочка;395149;323
106;Александр Сергеевич;Пушкин;499;Маленькие Трагедии;77040;64
106;Александр Сергеевич;Пушкин;500;Медный всадник;107708;20
106;Александр Сергеевич;Пушкин;501;Пиковая Дама;77039;24
106;Александр Сергеевич;Пушкин;502;Повести Белкина;173155;60
106;Александр Сергеевич;Пушкин;503;Станционный смотритель;348954;11
107;Александр Николаевич;Радищев;504;Дневник одной недели;336019;6
107;Александр Николаевич;Радищев;505;Путешествие из Петербурга в Москву;149528;190
108;Валентин Григорьевич;Распутин;506;Последний срок;330813;163
108;Валентин Григорьевич;Распутин;507;Пожар;97467;59
108;Валентин Григорьевич;Распутин;508;Прощание с Матерой;98447;183
108;Валентин Григорьевич;Распутин;509;Уроки французского;397901;29
108;Валентин Григорьевич;Распутин;510;Живи и помни;149476;200
109;Федор Михайлович;Решетников;511;Филармонический концерт;346425;8
109;Федор Михайлович;Решетников;512;Где лучше?;172045;393
109;Федор Михайлович;Решетников;513;Горнорабочие;172048;88
109;Федор Михайлович;Решетников;514;Подлиповцы;137488;126
109;Федор Михайлович;Решетников;515;Тетушка Опарина;346433;49
110;Василий Васильевич;Розанов;516;Черный огонь;47023;167
110;Василий Васильевич;Розанов;517;Смертное;508838;43
110;Василий Васильевич;Розанов;518;В Сахарне;47035;17
111;Дина Ильинична;Рубина;519;Белая голубка Кордовы;173678;426
111;Дина Ильинична;Рубина;520;На солнечной стороне улицы;202993;336
111;Дина Ильинична;Рубина;521;Почерк Леонардо;100333;311
111;Дина Ильинична;Рубина;522;Синдром Петрушки;214746;318
112;Анатолий Наумович;Рыбаков;523;Дети Арбата;47228;583
112;Анатолий Наумович;Рыбаков;524;Кортик;145679;194
112;Анатолий Наумович;Рыбаков;525;Бронзовая птица;145680;212
112;Анатолий Наумович;Рыбаков;526;Тяжелый песок;232857;296
113;Михаил Евграфович;Салтыков-Щедрин;527;Добрая душа;191311;12
113;Михаил Евграфович;Салтыков-Щедрин;528;Господа Головлевы;81151;290
113;Михаил Евграфович;Салтыков-Щедрин;529;Испорченные дети;191313;55
113;Михаил Евграфович;Салтыков-Щедрин;530;История одного города;114591;189
113;Михаил Евграфович;Салтыков-Щедрин;531;Помпадуры и помпадурши;190591;291
113;Михаил Евграфович;Салтыков-Щедрин;532;Пошехонская старина;190592;516
114;Юлиан;Семенов;533;Петровка, 38;181064;175
114;Юлиан;Семенов;534;Огарева, 6;181065;155
114;Юлиан;Семенов;535;Противостояние;181066;278
114;Юлиан;Семенов;536;Семнадцать мгновений весны;195805;273
114;Юлиан;Семенов;537;ТАСС уполномочен заявить;138278;303
115;Александр Серафимович;Серафимович;538;Сопка с крестами;49139;19
115;Александр Серафимович;Серафимович;539;У обрыва;49141;19
115;Александр Серафимович;Серафимович;540;Зарева;49142;16
115;Александр Серафимович;Серафимович;541;Железный поток;290867;156
116;Варлам Тихонович;Шаламов;542;Колымские рассказы;133314;180
116;Варлам Тихонович;Шаламов;543;Курсы;474388;42
116;Варлам Тихонович;Шаламов;544;Последний бой майора Пугачева;474364;13
116;Варлам Тихонович;Шаламов;545;Сгущенное молоко;474349;4
116;Варлам Тихонович;Шаламов;546;Зеленый прокурор;474385;43
117;Сергей Александрович;Шаргунов;547;Чародей;283886;62
117;Сергей Александрович;Шаргунов;548;Как меня зовут?;452287;109
117;Сергей Александрович;Шаргунов;549;Птичий грипп;171291;151
117;Сергей Александрович;Шаргунов;550;Ура!;255292;82
117;Сергей Александрович;Шаргунов;551;Вась-Вась;283885;45
118;Михаил Павлович;Шишкин;552;Письмовник;248853;270
118;Михаил Павлович;Шишкин;553;Венерин волос;248855;399
118;Михаил Павлович;Шишкин;554;Взятие Измаила;248856;371
119;Михаил Александрович;Шолохов;555;Наука ненависти;215873;16
119;Михаил Александрович;Шолохов;556;Поднятая целина;50901;682
119;Михаил Александрович;Шолохов;557;Судьба человека;215872;32
119;Михаил Александрович;Шолохов;558;Тихий Дон;79458;1551
120;Василий Макарович;Шукшин;559;Чудик;79787;9
120;Василий Макарович;Шукшин;560;Калина красная;149322;74
120;Василий Макарович;Шукшин;561;Микроскоп;149333;10
120;Василий Макарович;Шукшин;562;Срезал;51355;8
120;Василий Макарович;Шукшин;563;Точка зрения;191879;44
121;Ольга Александровна;Славникова;564;2017;192323;439
121;Ольга Александровна;Славникова;565;Бессмертный;80202;169
121;Ольга Александровна;Славникова;566;Один в зеркале;183987;177
121;Ольга Александровна;Славникова;567;Стрекоза, увеличенная до размеров собаки;80201;464
122;Саша;Соколов;568;Газибо;287218;29
122;Саша;Соколов;569;Между собакой и волком;53075;136
122;Саша;Соколов;570;Палисандрия;53076;307
122;Саша;Соколов;571;Школа для дураков;53078;154
123;Фёдор;Сологуб;572;Мелкий бес;351632;285
123;Фёдор;Сологуб;573;Капли крови;186062;191
123;Фёдор;Сологуб;574;Тяжёлые сны;186068;306
123;Фёдор;Сологуб;575;Звериный быт;53166;59
124;Александр Исаевич;Солженицын;576;Архипелаг ГУЛаг;308939;1724
124;Александр Исаевич;Солженицын;577;Матренин двор;53364;35
124;Александр Исаевич;Солженицын;578;Раковый корпус;138669;462
124;Александр Исаевич;Солженицын;579;Один день Ивана Денисовича;79956;107
124;Александр Исаевич;Солженицын;580;В круге первом;79959;771
125;Владимир Георгиевич;Сорокин;581;Голубое сало;53564;304
125;Владимир Георгиевич;Сорокин;582;Норма;53580;312
125;Владимир Георгиевич;Сорокин;583;Теллурия;340699;259
125;Владимир Георгиевич;Сорокин;584;Тридцатая любовь Марины;53607;273
126;Аркадий Натанович;Стругацкий;585;Трудно быть богом;93872;168
126;Аркадий Натанович;Стругацкий;586;Трудно быть богом;93872;168
126;Аркадий Натанович;Стругацкий;587;Пикник на обочине;93857;152
126;Аркадий Натанович;Стругацкий;588;Улитка на склоне;168280;192
127;Татьяна Никитична;Толстая;589;Легкие миры;323998;34
127;Татьяна Никитична;Толстая;590;Невидимая дева;385534;276
127;Татьяна Никитична;Толстая;591;Река Оккервиль;97751;10
127;Татьяна Никитична;Толстая;592;Сюжет;97752;10
128;Алексей Николаевич;Толстой;593;Аэлита;132493;143
128;Алексей Николаевич;Толстой;594;Гиперболоид инженера Гарина;142170;261
129;Лев Николаевич;Толстой;595;Хаджи-Мурат;78449;115
129;Лев Николаевич;Толстой;596;Хаджи-Мурат;78449;115
129;Лев Николаевич;Толстой;597;Хаджи-Мурат;78449;115
129;Лев Николаевич;Толстой;598;Детство. Отрочество. Юность;394233;536
128;Алексей Николаевич;Толстой;599;Хождение по мукам;392760;492
128;Алексей Николаевич;Толстой;600;Петр Первый;358535;738
129;Лев Николаевич;Толстой;601;Севастопольские рассказы;78452;119
129;Лев Николаевич;Толстой;602;Смерть Ивана Ильича;222434;55
129;Лев Николаевич;Толстой;603;Война и мир;436421;1513
130;Юрий Валентинович;Трифонов;604;Долгое прощание;495691;90
130;Юрий Валентинович;Трифонов;605;Дом на набережной;161430;135
130;Юрий Валентинович;Трифонов;606;Другая жизнь;56643;148
130;Юрий Валентинович;Трифонов;607;Обмен;495809;57
130;Юрий Валентинович;Трифонов;608;Время и место;61821;257
131;Гавриил Николаевич;Троепольский;609;Белый Бим Черное ухо;155654;170
131;Гавриил Николаевич;Троепольский;610;Том 2;349505;495
131;Гавриил Николаевич;Троепольский;611;Кандидат наук;529788;163
132;Иван Сергеевич;Тургенев;612;Дворянское гнездо;97832;152
132;Иван Сергеевич;Тургенев;613;Дым;461562;161
132;Иван Сергеевич;Тургенев;614;Отцы и дети;401178;644
132;Иван Сергеевич;Тургенев;615;Накануне;78600;145
132;Иван Сергеевич;Тургенев;616;Рудин;150978;122
132;Иван Сергеевич;Тургенев;617;Записки охотника;78607;332
133;Юрий Николаевич;Тынянов;618;Кюхля;170534;306
133;Юрий Николаевич;Тынянов;619;Подпоручик Киже;168586;28
133;Юрий Николаевич;Тынянов;620;Смерть Вазир-Мухтара;168585;429
133;Юрий Николаевич;Тынянов;621;Восковая персона;168588;109
134;Людмила Евгеньевна;Улицкая;622;Даниэль Штайн, переводчик;93997;406
134;Людмила Евгеньевна;Улицкая;623;Искренне ваш Шурик;57678;330
134;Людмила Евгеньевна;Улицкая;624;Казус Кукоцкого;57681;402
134;Людмила Евгеньевна;Улицкая;625;Зеленый шатер;224627;482
135;Эдуард Николаевич;Успенский;626;Дядя Федор, пес и кот;373595;82
135;Эдуард Николаевич;Успенский;627;Красная рука, черная простыня, зеленые пальцы;77731;61
135;Эдуард Николаевич;Успенский;628;Крокодил Гена и его друзья;77730;42
136;Глеб Иванович;Успенский;629;Нравы Растеряевой улицы;263311;168
136;Глеб Иванович;Успенский;630;Заграничный дневник провинциала;263370;13
136;Глеб Иванович;Успенский;631;Земной рай;263369;14
137;Константин Константинович;Вагинов;632;Бамбочада;168592;108
137;Константин Константинович;Вагинов;633;Чертогон;61925;13
137;Константин Константинович;Вагинов;634;Гарпагониана;168593;104
137;Константин Константинович;Вагинов;635;Козлиная песнь;168589;142
138;Борис Львович;Васильев;636;А зори здесь тихие…;405674;607
138;Борис Львович;Васильев;637;Не стреляйте белых лебедей;58521;163
138;Борис Львович;Васильев;638;В списках не значился;315588;214
138;Борис Львович;Васильев;639;Встречный бой;74066;34
138;Борис Львович;Васильев;640;Завтра была война;407551;654
139;Аркадий Александрович;Вайнер;641;Петля и камень в зеленой траве;201842;493
139;Аркадий Александрович;Вайнер;642;Эра милосердия;324990;383
139;Аркадий Александрович;Вайнер;643;Город принял;200525;149
139;Аркадий Александрович;Вайнер;644;Я, следователь…;200521;167
139;Аркадий Александрович;Вайнер;645;Визит к Минотавру;533328;669
140;Михаил Иосифович;Веллер;646;Бомж;395443;139
140;Михаил Иосифович;Веллер;647;Кавалерийский марш с вариациями;383205;48
140;Михаил Иосифович;Веллер;648;О Дикий Запад!;383207;50
140;Михаил Иосифович;Веллер;649;Приключения майора Звягина.  Роман воспитания;439114;417
140;Михаил Иосифович;Веллер;650;Жестокий;383204;80
141;Евгений Германович;Водолазкин;651;Авиатор;449077;280
141;Евгений Германович;Водолазкин;652;Брисбен;536894;293
141;Евгений Германович;Водолазкин;653;Лавр;310583;288
141;Евгений Германович;Водолазкин;654;Похищение Европы;338557;386
142;Владимир Николаевич;Войнович;655;Два товарища;132988;408
142;Владимир Николаевич;Войнович;656;Малиновый пеликан;447102;223
142;Владимир Николаевич;Войнович;657;Монументальная пропаганда;512121;320
142;Владимир Николаевич;Войнович;658;Москва 2042;497370;330
143;Леонид Абрамович;Юзефович;659;Казароза;119201;178
143;Леонид Абрамович;Юзефович;660;Костюм Арлекина;24680;221
143;Леонид Абрамович;Юзефович;661;Князь ветра;76325;264
143;Леонид Абрамович;Юзефович;662;Журавли и карлики;148480;353
144;Евгений Иванович;Замятин;663;Ловец человеков;182586;18
144;Евгений Иванович;Замятин;664;Мамай;182585;9
144;Евгений Иванович;Замятин;665;Мы;182584;150
144;Евгений Иванович;Замятин;666;Пещера;182566;9
144;Евгений Иванович;Замятин;667;Рассказ о самом главном;182568;30
145;Михаил Михайлович;Зощенко;668;Голубая книга;146676;289
145;Михаил Михайлович;Зощенко;669;Лёля и Минька;277201;33
145;Михаил Михайлович;Зощенко;670;Повесть о разуме;107104;109
145;Михаил Михайлович;Зощенко;671;Возвращенная молодость;61578;161
