Автор;Страница в Википедии;страница в lib.ru;произведение ;год написания;страница в Википедии
Лажечников, Иван Иванович;https://ru.wikipedia.org/wiki/%D0%9B%D0%B0%D0%B6%D0%B5%D1%87%D0%BD%D0%B8%D0%BA%D0%BE%D0%B2,_%D0%98%D0%B2%D0%B0%D0%BD_%D0%98%D0%B2%D0%B0%D0%BD%D0%BE%D0%B2%D0%B8%D1%87;http://lib.ru/HIST/LAZHECHNIKOW/;Ледяной дом;1835;https://ru.wikipedia.org/wiki/%D0%9B%D0%B5%D0%B4%D1%8F%D0%BD%D0%BE%D0%B9_%D0%B4%D0%BE%D0%BC_(%D1%80%D0%BE%D0%BC%D0%B0%D0%BD)
;;;Последний Новик;1833;https://ru.wikipedia.org/wiki/%D0%9F%D0%BE%D1%81%D0%BB%D0%B5%D0%B4%D0%BD%D0%B8%D0%B9_%D0%9D%D0%BE%D0%B2%D0%B8%D0%BA
;;;Басурман;1838;https://ru.wikipedia.org/wiki/%D0%91%D0%B0%D1%81%D1%83%D1%80%D0%BC%D0%B0%D0%BD_(%D1%80%D0%BE%D0%BC%D0%B0%D0%BD)
Бестужев-Марлинский, Александр Александрович (Александр Марлинский);https://ru.wikipedia.org/wiki/%D0%91%D0%B5%D1%81%D1%82%D1%83%D0%B6%D0%B5%D0%B2,_%D0%90%D0%BB%D0%B5%D0%BA%D1%81%D0%B0%D0%BD%D0%B4%D1%80_%D0%90%D0%BB%D0%B5%D0%BA%D1%81%D0%B0%D0%BD%D0%B4%D1%80%D0%BE%D0%B2%D0%B8%D1%87;http://az.lib.ru/b/bestuzhewmarlins_a_a/;Страшное гаданье;1831;
;;;Вечер на бивуаке;1823;
;;;Наезды;1831;
Чехов, Антон Павлович;https://ru.wikipedia.org/wiki/%D0%A7%D0%B5%D1%85%D0%BE%D0%B2,_%D0%90%D0%BD%D1%82%D0%BE%D0%BD_%D0%9F%D0%B0%D0%B2%D0%BB%D0%BE%D0%B2%D0%B8%D1%87;http://lib.ru/LITRA/CHEHOW/;Драма на охоте;1884;https://ru.wikipedia.org/wiki/%D0%94%D1%80%D0%B0%D0%BC%D0%B0_%D0%BD%D0%B0_%D0%BE%D1%85%D0%BE%D1%82%D0%B5
;;;Степь;1888;https://ru.wikipedia.org/wiki/%D0%A1%D1%82%D0%B5%D0%BF%D1%8C_(%D0%BF%D0%BE%D0%B2%D0%B5%D1%81%D1%82%D1%8C)
;;;Палата №6;1892;https://ru.wikipedia.org/wiki/%D0%9F%D0%B0%D0%BB%D0%B0%D1%82%D0%B0_%E2%84%96_6
;;;В овраге;1899;https://ru.wikipedia.org/wiki/%D0%92_%D0%BE%D0%B2%D1%80%D0%B0%D0%B3%D0%B5
Пушкин, Александр Сергеевич;https://ru.wikipedia.org/wiki/%D0%9F%D1%83%D1%88%D0%BA%D0%B8%D0%BD,_%D0%90%D0%BB%D0%B5%D0%BA%D1%81%D0%B0%D0%BD%D0%B4%D1%80_%D0%A1%D0%B5%D1%80%D0%B3%D0%B5%D0%B5%D0%B2%D0%B8%D1%87;http://lib.ru/LITRA/PUSHKIN/;Станционный смотритель;1830;https://ru.wikipedia.org/wiki/%D0%9F%D0%BE%D0%B2%D0%B5%D1%81%D1%82%D0%B8_%D0%91%D0%B5%D0%BB%D0%BA%D0%B8%D0%BD%D0%B0
;;;Пиковая дама;1834;https://ru.wikipedia.org/wiki/%D0%9F%D0%B8%D0%BA%D0%BE%D0%B2%D0%B0%D1%8F_%D0%B4%D0%B0%D0%BC%D0%B0
;;;Дубровский;1833;https://ru.wikipedia.org/wiki/%D0%94%D1%83%D0%B1%D1%80%D0%BE%D0%B2%D1%81%D0%BA%D0%B8%D0%B9_(%D1%80%D0%BE%D0%BC%D0%B0%D0%BD)
;;;Капитанская дочка;1836;https://ru.wikipedia.org/wiki/%D0%9A%D0%B0%D0%BF%D0%B8%D1%82%D0%B0%D0%BD%D1%81%D0%BA%D0%B0%D1%8F_%D0%B4%D0%BE%D1%87%D0%BA%D0%B0
Гоголь, Николай Васильевич;https://ru.wikipedia.org/wiki/%D0%93%D0%BE%D0%B3%D0%BE%D0%BB%D1%8C,_%D0%9D%D0%B8%D0%BA%D0%BE%D0%BB%D0%B0%D0%B9_%D0%92%D0%B0%D1%81%D0%B8%D0%BB%D1%8C%D0%B5%D0%B2%D0%B8%D1%87;http://az.lib.ru/g/gogolx_n_w/;Мертвые души;1841;https://ru.wikipedia.org/wiki/%D0%9C%D1%91%D1%80%D1%82%D0%B2%D1%8B%D0%B5_%D0%B4%D1%83%D1%88%D0%B8
;;;Нос;1833;https://ru.wikipedia.org/wiki/%D0%9D%D0%BE%D1%81_(%D0%BF%D0%BE%D0%B2%D0%B5%D1%81%D1%82%D1%8C)
;;;Тарас Бульба;1935;https://ru.wikipedia.org/wiki/%D0%A2%D0%B0%D1%80%D0%B0%D1%81_%D0%91%D1%83%D0%BB%D1%8C%D0%B1%D0%B0
;;;Вий;1935;https://ru.wikipedia.org/wiki/%D0%92%D0%B8%D0%B9_(%D0%BF%D0%BE%D0%B2%D0%B5%D1%81%D1%82%D1%8C)
;;;Сорочинская ярмарка;1831;https://ru.wikipedia.org/wiki/%D0%A1%D0%BE%D1%80%D0%BE%D1%87%D0%B8%D0%BD%D1%81%D0%BA%D0%B0%D1%8F_%D1%8F%D1%80%D0%BC%D0%B0%D1%80%D0%BA%D0%B0_(%D0%BF%D0%BE%D0%B2%D0%B5%D1%81%D1%82%D1%8C)
Гончаров, Иван Александрович;https://ru.wikipedia.org/wiki/%D0%93%D0%BE%D0%BD%D1%87%D0%B0%D1%80%D0%BE%D0%B2,_%D0%98%D0%B2%D0%B0%D0%BD_%D0%90%D0%BB%D0%B5%D0%BA%D1%81%D0%B0%D0%BD%D0%B4%D1%80%D0%BE%D0%B2%D0%B8%D1%87;http://az.lib.ru/g/goncharow_i_a/;Обыкновенная история;1847;https://ru.wikipedia.org/wiki/%D0%9E%D0%B1%D1%8B%D0%BA%D0%BD%D0%BE%D0%B2%D0%B5%D0%BD%D0%BD%D0%B0%D1%8F_%D0%B8%D1%81%D1%82%D0%BE%D1%80%D0%B8%D1%8F
;;;Обломов;1859;https://ru.wikipedia.org/wiki/%D0%9E%D0%B1%D0%BB%D0%BE%D0%BC%D0%BE%D0%B2
;;;Обрыв;1869;https://ru.wikipedia.org/wiki/%D0%9E%D0%B1%D1%80%D1%8B%D0%B2_(%D1%80%D0%BE%D0%BC%D0%B0%D0%BD)
Лермонтов, Михаил Юрьевич ;https://ru.wikipedia.org/wiki/%D0%9B%D0%B5%D1%80%D0%BC%D0%BE%D0%BD%D1%82%D0%BE%D0%B2,_%D0%9C%D0%B8%D1%85%D0%B0%D0%B8%D0%BB_%D0%AE%D1%80%D1%8C%D0%B5%D0%B2%D0%B8%D1%87;http://lib.ru/LITRA/LERMONTOW/;Герой нашего времени;1840;https://ru.wikipedia.org/wiki/%D0%93%D0%B5%D1%80%D0%BE%D0%B9_%D0%BD%D0%B0%D1%88%D0%B5%D0%B3%D0%BE_%D0%B2%D1%80%D0%B5%D0%BC%D0%B5%D0%BD%D0%B8
Тургенев, Иван Сергеевич ;https://ru.wikipedia.org/wiki/%D0%A2%D1%83%D1%80%D0%B3%D0%B5%D0%BD%D0%B5%D0%B2,_%D0%98%D0%B2%D0%B0%D0%BD_%D0%A1%D0%B5%D1%80%D0%B3%D0%B5%D0%B5%D0%B2%D0%B8%D1%87;http://az.lib.ru/t/turgenew_i_s/;Рудин;1855;https://ru.wikipedia.org/wiki/%D0%A0%D1%83%D0%B4%D0%B8%D0%BD_(%D1%80%D0%BE%D0%BC%D0%B0%D0%BD)
;;;Дворянское гнездо ;1858;https://ru.wikipedia.org/wiki/%D0%94%D0%B2%D0%BE%D1%80%D1%8F%D0%BD%D1%81%D0%BA%D0%BE%D0%B5_%D0%B3%D0%BD%D0%B5%D0%B7%D0%B4%D0%BE
;;;Накануне;1859;https://ru.wikipedia.org/wiki/%D0%9D%D0%B0%D0%BA%D0%B0%D0%BD%D1%83%D0%BD%D0%B5_(%D1%80%D0%BE%D0%BC%D0%B0%D0%BD)
;;;Отцы и дети;1861;https://ru.wikipedia.org/wiki/%D0%9E%D1%82%D1%86%D1%8B_%D0%B8_%D0%B4%D0%B5%D1%82%D0%B8
;;;Дым;1867;
Достоевский, Федор Михайлович;https://ru.wikipedia.org/wiki/%D0%94%D0%BE%D1%81%D1%82%D0%BE%D0%B5%D0%B2%D1%81%D0%BA%D0%B8%D0%B9,_%D0%A4%D1%91%D0%B4%D0%BE%D1%80_%D0%9C%D0%B8%D1%85%D0%B0%D0%B9%D0%BB%D0%BE%D0%B2%D0%B8%D1%87;http://az.lib.ru/d/dostoewskij_f_m/;Преступление и наказание;1866;https://ru.wikipedia.org/wiki/%D0%9F%D1%80%D0%B5%D1%81%D1%82%D1%83%D0%BF%D0%BB%D0%B5%D0%BD%D0%B8%D0%B5_%D0%B8_%D0%BD%D0%B0%D0%BA%D0%B0%D0%B7%D0%B0%D0%BD%D0%B8%D0%B5
;;;Идиот;1868;https://ru.wikipedia.org/wiki/%D0%98%D0%B4%D0%B8%D0%BE%D1%82_(%D1%80%D0%BE%D0%BC%D0%B0%D0%BD)
;;;Бесы;1872;https://ru.wikipedia.org/wiki/%D0%91%D0%B5%D1%81%D1%8B_(%D1%80%D0%BE%D0%BC%D0%B0%D0%BD)
;;;Подросток;1875;https://ru.wikipedia.org/wiki/%D0%9F%D0%BE%D0%B4%D1%80%D0%BE%D1%81%D1%82%D0%BE%D0%BA_(%D1%80%D0%BE%D0%BC%D0%B0%D0%BD)
;;;Братья Карамазовы;1880;https://ru.wikipedia.org/wiki/%D0%91%D1%80%D0%B0%D1%82%D1%8C%D1%8F_%D0%9A%D0%B0%D1%80%D0%B0%D0%BC%D0%B0%D0%B7%D0%BE%D0%B2%D1%8B
Салтыков-Щедрин, Михаил Евграфович;https://ru.wikipedia.org/wiki/%D0%A1%D0%B0%D0%BB%D1%82%D1%8B%D0%BA%D0%BE%D0%B2-%D0%A9%D0%B5%D0%B4%D1%80%D0%B8%D0%BD,_%D0%9C%D0%B8%D1%85%D0%B0%D0%B8%D0%BB_%D0%95%D0%B2%D0%B3%D1%80%D0%B0%D1%84%D0%BE%D0%B2%D0%B8%D1%87;http://az.lib.ru/s/saltykow_m_e/;История одного города;1870;https://ru.wikipedia.org/wiki/%D0%98%D1%81%D1%82%D0%BE%D1%80%D0%B8%D1%8F_%D0%BE%D0%B4%D0%BD%D0%BE%D0%B3%D0%BE_%D0%B3%D0%BE%D1%80%D0%BE%D0%B4%D0%B0
;;;Господа Головлевы;1880;https://ru.wikipedia.org/wiki/%D0%93%D0%BE%D1%81%D0%BF%D0%BE%D0%B4%D0%B0_%D0%93%D0%BE%D0%BB%D0%BE%D0%B2%D0%BB%D1%91%D0%B2%D1%8B
;;;Пошехонская старина;1889;https://ru.wikipedia.org/wiki/%D0%9F%D0%BE%D1%88%D0%B5%D1%85%D0%BE%D0%BD%D1%81%D0%BA%D0%B0%D1%8F_%D1%81%D1%82%D0%B0%D1%80%D0%B8%D0%BD%D0%B0_(%D1%80%D0%BE%D0%BC%D0%B0%D0%BD)
Чернышевский, Николай Гаврилович;https://ru.wikipedia.org/wiki/%D0%A7%D0%B5%D1%80%D0%BD%D1%8B%D1%88%D0%B5%D0%B2%D1%81%D0%BA%D0%B8%D0%B9,_%D0%9D%D0%B8%D0%BA%D0%BE%D0%BB%D0%B0%D0%B9_%D0%93%D0%B0%D0%B2%D1%80%D0%B8%D0%BB%D0%BE%D0%B2%D0%B8%D1%87;http://az.lib.ru/c/chernyshewskij_n_g;Что делать?;1863;https://ru.wikipedia.org/wiki/%D0%A7%D1%82%D0%BE_%D0%B4%D0%B5%D0%BB%D0%B0%D1%82%D1%8C%3F_(%D1%80%D0%BE%D0%BC%D0%B0%D0%BD)
;;;Алферьев;1863;
;;;Повести в повести;1864;
Толстой, Лев николаевич;https://ru.wikipedia.org/wiki/%D0%A2%D0%BE%D0%BB%D1%81%D1%82%D0%BE%D0%B9,_%D0%9B%D0%B5%D0%B2_%D0%9D%D0%B8%D0%BA%D0%BE%D0%BB%D0%B0%D0%B5%D0%B2%D0%B8%D1%87;http://az.lib.ru/t/tolstoj_lew_nikolaewich/;Война и мир;1869;https://ru.wikipedia.org/wiki/%D0%92%D0%BE%D0%B9%D0%BD%D0%B0_%D0%B8_%D0%BC%D0%B8%D1%80
;;;Анна Каренина;1877;https://ru.wikipedia.org/wiki/%D0%90%D0%BD%D0%BD%D0%B0_%D0%9A%D0%B0%D1%80%D0%B5%D0%BD%D0%B8%D0%BD%D0%B0
;;;Воскресение;1899;https://ru.wikipedia.org/wiki/%D0%92%D0%BE%D1%81%D0%BA%D1%80%D0%B5%D1%81%D0%B5%D0%BD%D0%B8%D0%B5_(%D1%80%D0%BE%D0%BC%D0%B0%D0%BD)
;;;Хаджи-Мурат;1904;https://ru.wikipedia.org/wiki/%D0%A5%D0%B0%D0%B4%D0%B6%D0%B8-%D0%9C%D1%83%D1%80%D0%B0%D1%82_(%D0%BF%D0%BE%D0%B2%D0%B5%D1%81%D1%82%D1%8C)
Лесков, Николай Семенович;https://ru.wikipedia.org/wiki/%D0%9B%D0%B5%D1%81%D0%BA%D0%BE%D0%B2,_%D0%9D%D0%B8%D0%BA%D0%BE%D0%BB%D0%B0%D0%B9_%D0%A1%D0%B5%D0%BC%D1%91%D0%BD%D0%BE%D0%B2%D0%B8%D1%87;http://az.lib.ru/l/leskow_n_s/;Соборяне;1872;https://ru.wikipedia.org/wiki/%D0%A1%D0%BE%D0%B1%D0%BE%D1%80%D1%8F%D0%BD%D0%B5
;;;Очарованный странник;1873;https://ru.wikipedia.org/wiki/%D0%9E%D1%87%D0%B0%D1%80%D0%BE%D0%B2%D0%B0%D0%BD%D0%BD%D1%8B%D0%B9_%D1%81%D1%82%D1%80%D0%B0%D0%BD%D0%BD%D0%B8%D0%BA
;;;Леди Макбет Мценского уезда;1864;https://ru.wikipedia.org/wiki/%D0%9B%D0%B5%D0%B4%D0%B8_%D0%9C%D0%B0%D0%BA%D0%B1%D0%B5%D1%82_%D0%9C%D1%86%D0%B5%D0%BD%D1%81%D0%BA%D0%BE%D0%B3%D0%BE_%D1%83%D0%B5%D0%B7%D0%B4%D0%B0
Помяловский, Николай Герасимович;https://ru.wikipedia.org/wiki/%D0%9F%D0%BE%D0%BC%D1%8F%D0%BB%D0%BE%D0%B2%D1%81%D0%BA%D0%B8%D0%B9,_%D0%9D%D0%B8%D0%BA%D0%BE%D0%BB%D0%B0%D0%B9_%D0%93%D0%B5%D1%80%D0%B0%D1%81%D0%B8%D0%BC%D0%BE%D0%B2%D0%B8%D1%87;http://az.lib.ru/p/pomjalowskij_n_g/;Мещанское счастье;1861;
;;;Молотов;1861;
;;;Очерки Бурсы;1863;
Решетников, Федор Михайлович;https://ru.wikipedia.org/wiki/%D0%A0%D0%B5%D1%88%D0%B5%D1%82%D0%BD%D0%B8%D0%BA%D0%BE%D0%B2,_%D0%A4%D1%91%D0%B4%D0%BE%D1%80_%D0%9C%D0%B8%D1%85%D0%B0%D0%B9%D0%BB%D0%BE%D0%B2%D0%B8%D1%87;http://az.lib.ru/r/reshetnikow_f_m/;Подлиповцы;1862;
;;;Глумовы;1860-1868;
;;;Свой хлеб;1870;
Успенский, Глеб Иванович;https://ru.wikipedia.org/wiki/%D0%A3%D1%81%D0%BF%D0%B5%D0%BD%D1%81%D0%BA%D0%B8%D0%B9,_%D0%93%D0%BB%D0%B5%D0%B1_%D0%98%D0%B2%D0%B0%D0%BD%D0%BE%D0%B2%D0%B8%D1%87;http://az.lib.ru/u/uspenskij_g_i/;Нравы растеряевой улицы;1866;
;;;Земной рай;1868;
;;;Заграничный дневник провинциала;1876;
Гарин-Михайловский, Николай Георгиевич;https://ru.wikipedia.org/wiki/%D0%93%D0%B0%D1%80%D0%B8%D0%BD-%D0%9C%D0%B8%D1%85%D0%B0%D0%B9%D0%BB%D0%BE%D0%B2%D1%81%D0%BA%D0%B8%D0%B9,_%D0%9D%D0%B8%D0%BA%D0%BE%D0%BB%D0%B0%D0%B9_%D0%93%D0%B5%D0%BE%D1%80%D0%B3%D0%B8%D0%B5%D0%B2%D0%B8%D1%87;http://az.lib.ru/g/garinmihajlowskij_n/;Детство Темы;1892;
;;;Гимназисты;1895;
;;;Студенты;1895;
;;;Инженеры;1906;
Мамин-Сибиряк, Дмитрий Наркисович;https://ru.wikipedia.org/wiki/%D0%9C%D0%B0%D0%BC%D0%B8%D0%BD-%D0%A1%D0%B8%D0%B1%D0%B8%D1%80%D1%8F%D0%BA,_%D0%94%D0%BC%D0%B8%D1%82%D1%80%D0%B8%D0%B9_%D0%9D%D0%B0%D1%80%D0%BA%D0%B8%D1%81%D0%BE%D0%B2%D0%B8%D1%87;http://az.lib.ru/m/maminsibirjak_d/;Приваловские миллионы;1883;https://ru.wikipedia.org/wiki/%D0%9F%D1%80%D0%B8%D0%B2%D0%B0%D0%BB%D0%BE%D0%B2%D1%81%D0%BA%D0%B8%D0%B5_%D0%BC%D0%B8%D0%BB%D0%BB%D0%B8%D0%BE%D0%BD%D1%8B_(%D1%80%D0%BE%D0%BC%D0%B0%D0%BD)
;;;Золото;1892;
;;;Три конца;1890;
;;;Хлеб;1895;
Гаршин, Всеволод Михайлович;https://ru.wikipedia.org/wiki/%D0%93%D0%B0%D1%80%D1%88%D0%B8%D0%BD,_%D0%92%D1%81%D0%B5%D0%B2%D0%BE%D0%BB%D0%BE%D0%B4_%D0%9C%D0%B8%D1%85%D0%B0%D0%B9%D0%BB%D0%BE%D0%B2%D0%B8%D1%87;http://az.lib.ru/g/garshin_w_m/;Красный цветок;1883;
;;;Очень коротенький роман;1878;
;;;Трус;1878;
Короленко, Владимир Галактионович;https://ru.wikipedia.org/wiki/%D0%9A%D0%BE%D1%80%D0%BE%D0%BB%D0%B5%D0%BD%D0%BA%D0%BE,_%D0%92%D0%BB%D0%B0%D0%B4%D0%B8%D0%BC%D0%B8%D1%80_%D0%93%D0%B0%D0%BB%D0%B0%D0%BA%D1%82%D0%B8%D0%BE%D0%BD%D0%BE%D0%B2%D0%B8%D1%87;http://az.lib.ru/k/korolenko_w_g/;В дурном обществе;1881-1884;https://ru.wikipedia.org/wiki/%D0%92_%D0%B4%D1%83%D1%80%D0%BD%D0%BE%D0%BC_%D0%BE%D0%B1%D1%89%D0%B5%D1%81%D1%82%D0%B2%D0%B5
;;;Сон Макара;1885;
;;;Слепой музыкант;1886;
Горький, Максим;https://ru.wikipedia.org/wiki/%D0%9C%D0%B0%D0%BA%D1%81%D0%B8%D0%BC_%D0%93%D0%BE%D1%80%D1%8C%D0%BA%D0%B8%D0%B9;http://az.lib.ru/g/gorxkij_m/;Мать;1906;https://ru.wikipedia.org/wiki/%D0%9C%D0%B0%D1%82%D1%8C_(%D1%80%D0%BE%D0%BC%D0%B0%D0%BD)
;;;Мои университеты;1923;
;;;Дело Артамоновых;1925;https://ru.wikipedia.org/wiki/%D0%94%D0%B5%D0%BB%D0%BE_%D0%90%D1%80%D1%82%D0%B0%D0%BC%D0%BE%D0%BD%D0%BE%D0%B2%D1%8B%D1%85_(%D1%80%D0%BE%D0%BC%D0%B0%D0%BD)
;;;Жизнь Клима Самгина;1925 - 1936;https://ru.wikipedia.org/wiki/%D0%96%D0%B8%D0%B7%D0%BD%D1%8C_%D0%9A%D0%BB%D0%B8%D0%BC%D0%B0_%D0%A1%D0%B0%D0%BC%D0%B3%D0%B8%D0%BD%D0%B0
Крюков, Федор Дмитриевич;https://ru.wikipedia.org/wiki/%D0%9A%D1%80%D1%8E%D0%BA%D0%BE%D0%B2,_%D0%A4%D1%91%D0%B4%D0%BE%D1%80_%D0%94%D0%BC%D0%B8%D1%82%D1%80%D0%B8%D0%B5%D0%B2%D0%B8%D1%87;http://az.lib.ru/k/krjukow_f_d/;Гулебщики;1892;
;;;Казачка;1896;
;;;На тихом Дону;1898;
Куприн, Александр Иванович;https://ru.wikipedia.org/wiki/%D0%9A%D1%83%D0%BF%D1%80%D0%B8%D0%BD,_%D0%90%D0%BB%D0%B5%D0%BA%D1%81%D0%B0%D0%BD%D0%B4%D1%80_%D0%98%D0%B2%D0%B0%D0%BD%D0%BE%D0%B2%D0%B8%D1%87;http://lib.ru/LITRA/KUPRIN/;Впотьмах;1892;https://ru.wikipedia.org/wiki/%D0%92%D0%BF%D0%BE%D1%82%D1%8C%D0%BC%D0%B0%D1%85
;;;Молох;1896;
;;;Олеся;1898;https://ru.wikipedia.org/wiki/%D0%9E%D0%BB%D0%B5%D1%81%D1%8F_(%D0%BF%D0%BE%D0%B2%D0%B5%D1%81%D1%82%D1%8C)
;;;Поединок;1905;https://ru.wikipedia.org/wiki/%D0%9F%D0%BE%D0%B5%D0%B4%D0%B8%D0%BD%D0%BE%D0%BA_(%D0%BF%D0%BE%D0%B2%D0%B5%D1%81%D1%82%D1%8C)
;;;Гранатовый браслет;1910;https://ru.wikipedia.org/wiki/%D0%93%D1%80%D0%B0%D0%BD%D0%B0%D1%82%D0%BE%D0%B2%D1%8B%D0%B9_%D0%B1%D1%80%D0%B0%D1%81%D0%BB%D0%B5%D1%82
Бунин, Иван Алексеевич;https://ru.wikipedia.org/wiki/%D0%91%D1%83%D0%BD%D0%B8%D0%BD,_%D0%98%D0%B2%D0%B0%D0%BD_%D0%90%D0%BB%D0%B5%D0%BA%D1%81%D0%B5%D0%B5%D0%B2%D0%B8%D1%87;http://lib.ru/BUNIN/;Жизнь Арсеньева;1929, 1933;https://ru.wikipedia.org/wiki/%D0%96%D0%B8%D0%B7%D0%BD%D1%8C_%D0%90%D1%80%D1%81%D0%B5%D0%BD%D1%8C%D0%B5%D0%B2%D0%B0
;;;Деревня;1908;
;;;Суходол;1912;https://ru.wikipedia.org/wiki/%D0%A1%D1%83%D1%85%D0%BE%D0%B4%D0%BE%D0%BB_(%D0%BF%D0%BE%D0%B2%D0%B5%D1%81%D1%82%D1%8C)
;;;Митина любовь;1925;
;;;Антоновские яблоки;1900;https://ru.wikipedia.org/wiki/%D0%90%D0%BD%D1%82%D0%BE%D0%BD%D0%BE%D0%B2%D1%81%D0%BA%D0%B8%D0%B5_%D1%8F%D0%B1%D0%BB%D0%BE%D0%BA%D0%B8
Андреев, Леонид Николаевич;https://ru.wikipedia.org/wiki/%D0%90%D0%BD%D0%B4%D1%80%D0%B5%D0%B5%D0%B2,_%D0%9B%D0%B5%D0%BE%D0%BD%D0%B8%D0%B4_%D0%9D%D0%B8%D0%BA%D0%BE%D0%BB%D0%B0%D0%B5%D0%B2%D0%B8%D1%87;http://az.lib.ru/a/andreew_l_n/;Жизнь Василия Фивейского;1903;https://ru.wikipedia.org/wiki/%D0%96%D0%B8%D0%B7%D0%BD%D1%8C_%D0%92%D0%B0%D1%81%D0%B8%D0%BB%D0%B8%D1%8F_%D0%A4%D0%B8%D0%B2%D0%B5%D0%B9%D1%81%D0%BA%D0%BE%D0%B3%D0%BE
;;;Красный смех;1904;https://ru.wikipedia.org/wiki/%D0%9A%D1%80%D0%B0%D1%81%D0%BD%D1%8B%D0%B9_%D1%81%D0%BC%D0%B5%D1%85
;;;Иуда Искариот;1907;https://ru.wikipedia.org/wiki/%D0%98%D1%83%D0%B4%D0%B0_%D0%98%D1%81%D0%BA%D0%B0%D1%80%D0%B8%D0%BE%D1%82_(%D0%BF%D0%BE%D0%B2%D0%B5%D1%81%D1%82%D1%8C)
;;;Рассказ о семи повешенных;1908;https://ru.wikipedia.org/wiki/%D0%A0%D0%B0%D1%81%D1%81%D0%BA%D0%B0%D0%B7_%D0%BE_%D1%81%D0%B5%D0%BC%D0%B8_%D0%BF%D0%BE%D0%B2%D0%B5%D1%88%D0%B5%D0%BD%D0%BD%D1%8B%D1%85
;;;Ангелочек;1899;
Шмелев, Иван Сергеевич;https://ru.wikipedia.org/wiki/%D0%A8%D0%BC%D0%B5%D0%BB%D1%91%D0%B2,_%D0%98%D0%B2%D0%B0%D0%BD_%D0%A1%D0%B5%D1%80%D0%B3%D0%B5%D0%B5%D0%B2%D0%B8%D1%87;http://lib.ru/RUSSLIT/SMELEW/;Богомолье;1831;https://ru.wikipedia.org/wiki/%D0%91%D0%BE%D0%B3%D0%BE%D0%BC%D0%BE%D0%BB%D1%8C%D0%B5
;;;Лето Господне;1927 - 1948;https://ru.wikipedia.org/wiki/%D0%9B%D0%B5%D1%82%D0%BE_%D0%93%D0%BE%D1%81%D0%BF%D0%BE%D0%B4%D0%BD%D0%B5
;;;Неупиваемая чаша;1918;
Толстой, Алексей Николаевич;https://ru.wikipedia.org/wiki/%D0%A2%D0%BE%D0%BB%D1%81%D1%82%D0%BE%D0%B9,_%D0%90%D0%BB%D0%B5%D0%BA%D1%81%D0%B5%D0%B9_%D0%9D%D0%B8%D0%BA%D0%BE%D0%BB%D0%B0%D0%B5%D0%B2%D0%B8%D1%87;http://az.lib.ru/t/tolstoj_a_n/;Аэлита;1923;https://ru.wikipedia.org/wiki/%D0%90%D1%8D%D0%BB%D0%B8%D1%82%D0%B0_(%D1%80%D0%BE%D0%BC%D0%B0%D0%BD)
;;;Гиперболоид инженера Гарина;1927;https://ru.wikipedia.org/wiki/%D0%93%D0%B8%D0%BF%D0%B5%D1%80%D0%B1%D0%BE%D0%BB%D0%BE%D0%B8%D0%B4_%D0%B8%D0%BD%D0%B6%D0%B5%D0%BD%D0%B5%D1%80%D0%B0_%D0%93%D0%B0%D1%80%D0%B8%D0%BD%D0%B0
;;;Хождение по мукам;1921-1941;https://ru.wikipedia.org/wiki/%D0%A5%D0%BE%D0%B6%D0%B4%D0%B5%D0%BD%D0%B8%D0%B5_%D0%BF%D0%BE_%D0%BC%D1%83%D0%BA%D0%B0%D0%BC
;;;Петр Первый;1929 - 1945;https://ru.wikipedia.org/wiki/%D0%9F%D1%91%D1%82%D1%80_%D0%9F%D0%B5%D1%80%D0%B2%D1%8B%D0%B9_(%D1%80%D0%BE%D0%BC%D0%B0%D0%BD)
Грин, Александр Степанович;https://ru.wikipedia.org/wiki/%D0%93%D1%80%D0%B8%D0%BD,_%D0%90%D0%BB%D0%B5%D0%BA%D1%81%D0%B0%D0%BD%D0%B4%D1%80_%D0%A1%D1%82%D0%B5%D0%BF%D0%B0%D0%BD%D0%BE%D0%B2%D0%B8%D1%87;http://lib.ru/RUSSLIT/GRIN/;Алые паруса;1916 - 1922;https://ru.wikipedia.org/wiki/%D0%90%D0%BB%D1%8B%D0%B5_%D0%BF%D0%B0%D1%80%D1%83%D1%81%D0%B0
;;;Бегущая по волнам;1928;https://ru.wikipedia.org/wiki/%D0%91%D0%B5%D0%B3%D1%83%D1%89%D0%B0%D1%8F_%D0%BF%D0%BE_%D0%B2%D0%BE%D0%BB%D0%BD%D0%B0%D0%BC
;;;Блистающий мир;1921-1923;https://ru.wikipedia.org/wiki/%D0%91%D0%BB%D0%B8%D1%81%D1%82%D0%B0%D1%8E%D1%89%D0%B8%D0%B9_%D0%BC%D0%B8%D1%80
Чуковский, Корней Иванович;https://ru.wikipedia.org/wiki/%D0%A7%D1%83%D0%BA%D0%BE%D0%B2%D1%81%D0%BA%D0%B8%D0%B9,_%D0%9A%D0%BE%D1%80%D0%BD%D0%B5%D0%B9_%D0%98%D0%B2%D0%B0%D0%BD%D0%BE%D0%B2%D0%B8%D1%87;;Солнечная;1936;
;;;Серебряный герб;1938;
;;;Собачье царство;1912;
Набоков, Владимир Владимирович;https://ru.wikipedia.org/wiki/%D0%9D%D0%B0%D0%B1%D0%BE%D0%BA%D0%BE%D0%B2,_%D0%92%D0%BB%D0%B0%D0%B4%D0%B8%D0%BC%D0%B8%D1%80_%D0%92%D0%BB%D0%B0%D0%B4%D0%B8%D0%BC%D0%B8%D1%80%D0%BE%D0%B2%D0%B8%D1%87;http://lib.ru/NABOKOW/;Машенька;1926;https://ru.wikipedia.org/wiki/%D0%9C%D0%B0%D1%88%D0%B5%D0%BD%D1%8C%D0%BA%D0%B0_(%D1%80%D0%BE%D0%BC%D0%B0%D0%BD)
;;;Король, дама, валет;1928;https://ru.wikipedia.org/wiki/%D0%9A%D0%BE%D1%80%D0%BE%D0%BB%D1%8C,_%D0%B4%D0%B0%D0%BC%D0%B0,_%D0%B2%D0%B0%D0%BB%D0%B5%D1%82
;;;Защита Лужина;1930;https://ru.wikipedia.org/wiki/%D0%97%D0%B0%D1%89%D0%B8%D1%82%D0%B0_%D0%9B%D1%83%D0%B6%D0%B8%D0%BD%D0%B0
;;;Дар;1935 - 1937;https://ru.wikipedia.org/wiki/%D0%94%D0%B0%D1%80_(%D1%80%D0%BE%D0%BC%D0%B0%D0%BD)
;;;Другие берега;1953-1954;https://ru.wikipedia.org/wiki/%D0%94%D1%80%D1%83%D0%B3%D0%B8%D0%B5_%D0%B1%D0%B5%D1%80%D0%B5%D0%B3%D0%B0
Аверченко, Аркадий Тимофеевич;https://ru.wikipedia.org/wiki/%D0%90%D0%B2%D0%B5%D1%80%D1%87%D0%B5%D0%BD%D0%BA%D0%BE,_%D0%90%D1%80%D0%BA%D0%B0%D0%B4%D0%B8%D0%B9_%D0%A2%D0%B8%D0%BC%D0%BE%D1%84%D0%B5%D0%B5%D0%B2%D0%B8%D1%87;http://lib.ru/RUSSLIT/AWERCHENKO/;Подходцев и двое других;1917;
;;;Шутка мецената;1925;https://ru.wikipedia.org/wiki/%D0%A8%D1%83%D1%82%D0%BA%D0%B0_%D0%9C%D0%B5%D1%86%D0%B5%D0%BD%D0%B0%D1%82%D0%B0
;;;Человек у которого были идеи;ок.1912;
;;;Разумная экономия;ок.1912;
;;;Лакмусовая бумажка;ок.1912;
Пильняк, Борис Андреевич;https://ru.wikipedia.org/wiki/%D0%9F%D0%B8%D0%BB%D1%8C%D0%BD%D1%8F%D0%BA,_%D0%91%D0%BE%D1%80%D0%B8%D1%81_%D0%90%D0%BD%D0%B4%D1%80%D0%B5%D0%B5%D0%B2%D0%B8%D1%87;http://lib.baikal.net/koi/PILXNQK/;Голый год;1921;
;;;Повесть непогашенной луны ;ок.1926;https://ru.wikipedia.org/wiki/%D0%9F%D0%BE%D0%B2%D0%B5%D1%81%D1%82%D1%8C_%D0%BD%D0%B5%D0%BF%D0%BE%D0%B3%D0%B0%D1%88%D0%B5%D0%BD%D0%BD%D0%BE%D0%B9_%D0%BB%D1%83%D0%BD%D1%8B
;;;Мать сыра-земля;1924;
;;;Иван Москва;1927;
Серафимович, Александр Серафимович;https://ru.wikipedia.org/wiki/%D0%A1%D0%B5%D1%80%D0%B0%D1%84%D0%B8%D0%BC%D0%BE%D0%B2%D0%B8%D1%87,_%D0%90%D0%BB%D0%B5%D0%BA%D1%81%D0%B0%D0%BD%D0%B4%D1%80_%D0%A1%D0%B5%D1%80%D0%B0%D1%84%D0%B8%D0%BC%D0%BE%D0%B2%D0%B8%D1%87;http://lib.ru/RUSSLIT/SERAFIMOWICH/;Железный поток;1924;
;;;Две ночи;1913;
;;;Оглянулся;1914;
Арсеньев, Владимир Клавдиевич;https://ru.wikipedia.org/wiki/%D0%90%D1%80%D1%81%D0%B5%D0%BD%D1%8C%D0%B5%D0%B2,_%D0%92%D0%BB%D0%B0%D0%B4%D0%B8%D0%BC%D0%B8%D1%80_%D0%9A%D0%BB%D0%B0%D0%B2%D0%B4%D0%B8%D0%B5%D0%B2%D0%B8%D1%87;;Не соответствует критериям;;
Пришвин, Михаил Михайлович;https://ru.wikipedia.org/wiki/%D0%9F%D1%80%D0%B8%D1%88%D0%B2%D0%B8%D0%BD,_%D0%9C%D0%B8%D1%85%D0%B0%D0%B8%D0%BB_%D0%9C%D0%B8%D1%85%D0%B0%D0%B9%D0%BB%D0%BE%D0%B2%D0%B8%D1%87;http://lib.ru/PRISHWIN/;Жень-Шень;1933;
;;;Кащеева цепь;1922 - 1927;
;;;Мирская чаша (Раб обезьяний);1920;
Шолохов, Михаил Александрович;https://ru.wikipedia.org/wiki/%D0%A8%D0%BE%D0%BB%D0%BE%D1%85%D0%BE%D0%B2,_%D0%9C%D0%B8%D1%85%D0%B0%D0%B8%D0%BB_%D0%90%D0%BB%D0%B5%D0%BA%D1%81%D0%B0%D0%BD%D0%B4%D1%80%D0%BE%D0%B2%D0%B8%D1%87;http://lib.ru/PROZA/SHOLOHOW/;Тихий Дон;1925 - 1940;https://ru.wikipedia.org/wiki/%D0%A2%D0%B8%D1%85%D0%B8%D0%B9_%D0%94%D0%BE%D0%BD
;;;Поднятая целина;1930 - 1959;https://ru.wikipedia.org/wiki/%D0%9F%D0%BE%D0%B4%D0%BD%D1%8F%D1%82%D0%B0%D1%8F_%D1%86%D0%B5%D0%BB%D0%B8%D0%BD%D0%B0_(%D1%80%D0%BE%D0%BC%D0%B0%D0%BD)
;;;Они сражались за Родину (главы);1940-е, 1969;https://ru.wikipedia.org/wiki/%D0%9E%D0%BD%D0%B8_%D1%81%D1%80%D0%B0%D0%B6%D0%B0%D0%BB%D0%B8%D1%81%D1%8C_%D0%B7%D0%B0_%D0%A0%D0%BE%D0%B4%D0%B8%D0%BD%D1%83_(%D1%80%D0%BE%D0%BC%D0%B0%D0%BD)
;;;Судьба человека;1956 - 1957;https://ru.wikipedia.org/wiki/%D0%A1%D1%83%D0%B4%D1%8C%D0%B1%D0%B0_%D1%87%D0%B5%D0%BB%D0%BE%D0%B2%D0%B5%D0%BA%D0%B0
;;;Наука ненависти;1942;https://ru.wikipedia.org/wiki/%D0%9D%D0%B0%D1%83%D0%BA%D0%B0_%D0%BD%D0%B5%D0%BD%D0%B0%D0%B2%D0%B8%D1%81%D1%82%D0%B8
Фадеев, Александр Александрович;https://ru.wikipedia.org/wiki/%D0%A4%D0%B0%D0%B4%D0%B5%D0%B5%D0%B2,_%D0%90%D0%BB%D0%B5%D0%BA%D1%81%D0%B0%D0%BD%D0%B4%D1%80_%D0%90%D0%BB%D0%B5%D0%BA%D1%81%D0%B0%D0%BD%D0%B4%D1%80%D0%BE%D0%B2%D0%B8%D1%87;http://lib.ru/RUSSLIT/FADEEW/;Разгром;1924 - 1926;https://ru.wikipedia.org/wiki/%D0%A0%D0%B0%D0%B7%D0%B3%D1%80%D0%BE%D0%BC_(%D1%80%D0%BE%D0%BC%D0%B0%D0%BD)
;;;Молодая гвардия;1942-1943;https://ru.wikipedia.org/wiki/%D0%9C%D0%BE%D0%BB%D0%BE%D0%B4%D0%B0%D1%8F_%D0%B3%D0%B2%D0%B0%D1%80%D0%B4%D0%B8%D1%8F_(%D1%80%D0%BE%D0%BC%D0%B0%D0%BD)
;;;Разлив;1924;
Бабель, Исаак Эммануилович;https://ru.wikipedia.org/wiki/%D0%91%D0%B0%D0%B1%D0%B5%D0%BB%D1%8C,_%D0%98%D1%81%D0%B0%D0%B0%D0%BA_%D0%AD%D0%BC%D0%BC%D0%B0%D0%BD%D1%83%D0%B8%D0%BB%D0%BE%D0%B2%D0%B8%D1%87;http://lib.ru/PROZA/BABEL/;Мой первый гусь;1920-е;
;;;Гедали;1920-е;
;;;Рабби;1920-е;
;;;Как это делалось в Одессе;1923;
;;;Любка Казак;1924;
Фурманов, Дмитрий Андреевич;https://ru.wikipedia.org/wiki/%D0%A4%D1%83%D1%80%D0%BC%D0%B0%D0%BD%D0%BE%D0%B2,_%D0%94%D0%BC%D0%B8%D1%82%D1%80%D0%B8%D0%B9_%D0%90%D0%BD%D0%B4%D1%80%D0%B5%D0%B5%D0%B2%D0%B8%D1%87;http://lib.ru/RUSSLIT/FURMANOW/;Чапаев;1922 - 1923;https://ru.wikipedia.org/wiki/%D0%A7%D0%B0%D0%BF%D0%B0%D0%B5%D0%B2_(%D1%80%D0%BE%D0%BC%D0%B0%D0%BD)
;;;Мятеж;1925;
;;;Записки обывателя;1921;
Островский, Николай Алексеевич ;https://ru.wikipedia.org/wiki/%D0%9E%D1%81%D1%82%D1%80%D0%BE%D0%B2%D1%81%D0%BA%D0%B8%D0%B9,_%D0%9D%D0%B8%D0%BA%D0%BE%D0%BB%D0%B0%D0%B9_%D0%90%D0%BB%D0%B5%D0%BA%D1%81%D0%B5%D0%B5%D0%B2%D0%B8%D1%87#.D0.A1.D0.BE.D1.87.D0.B8.D0.BD.D0.B5.D0.BD.D0.B8.D1.8F;http://lib.ru/RUSSLIT/OSTROWSKIJ/;Как закалялась сталь;1930 - 1934https://ru.wikipedia.org/wiki/%D0%9A%D0%B0%D0%BA_%D0%B7%D0%B0%D0%BA%D0%B0%D0%BB%D1%8F%D0%BB%D0%B0%D1%81%D1%8C_%D1%81%D1%82%D0%B0%D0%BB%D1%8C;
;;;Рожденные бурей;1936;https://ru.wikipedia.org/wiki/%D0%A0%D0%BE%D0%B6%D0%B4%D1%91%D0%BD%D0%BD%D1%8B%D0%B5_%D0%B1%D1%83%D1%80%D0%B5%D0%B9
Булгаков, Михаил Афанасьевич;https://ru.wikipedia.org/wiki/%D0%91%D1%83%D0%BB%D0%B3%D0%B0%D0%BA%D0%BE%D0%B2,_%D0%9C%D0%B8%D1%85%D0%B0%D0%B8%D0%BB_%D0%90%D1%84%D0%B0%D0%BD%D0%B0%D1%81%D1%8C%D0%B5%D0%B2%D0%B8%D1%87;http://lib.ru/%3E%3C/BULGAKOW/;Белая гвардия;1923 - 1924;https://ru.wikipedia.org/wiki/%D0%91%D0%B5%D0%BB%D0%B0%D1%8F_%D0%B3%D0%B2%D0%B0%D1%80%D0%B4%D0%B8%D1%8F_(%D1%80%D0%BE%D0%BC%D0%B0%D0%BD)
;;;Роковые яйца;1924;https://ru.wikipedia.org/wiki/%D0%A0%D0%BE%D0%BA%D0%BE%D0%B2%D1%8B%D0%B5_%D1%8F%D0%B9%D1%86%D0%B0
;;;Собачье сердце;1925;https://ru.wikipedia.org/wiki/%D0%A1%D0%BE%D0%B1%D0%B0%D1%87%D1%8C%D0%B5_%D1%81%D0%B5%D1%80%D0%B4%D1%86%D0%B5
;;;Мастер и Маргарита;1928 - 1940;https://ru.wikipedia.org/wiki/%D0%9C%D0%B0%D1%81%D1%82%D0%B5%D1%80_%D0%B8_%D0%9C%D0%B0%D1%80%D0%B3%D0%B0%D1%80%D0%B8%D1%82%D0%B0
;;;Театральный роман;1936;https://ru.wikipedia.org/wiki/%D0%A2%D0%B5%D0%B0%D1%82%D1%80%D0%B0%D0%BB%D1%8C%D0%BD%D1%8B%D0%B9_%D1%80%D0%BE%D0%BC%D0%B0%D0%BD
Платонов, Андрей Платонович;https://ru.wikipedia.org/wiki/%D0%9F%D0%BB%D0%B0%D1%82%D0%BE%D0%BD%D0%BE%D0%B2,_%D0%90%D0%BD%D0%B4%D1%80%D0%B5%D0%B9_%D0%9F%D0%BB%D0%B0%D1%82%D0%BE%D0%BD%D0%BE%D0%B2%D0%B8%D1%87;;Чевенгур;1929;https://ru.wikipedia.org/wiki/%D0%A7%D0%B5%D0%B2%D0%B5%D0%BD%D0%B3%D1%83%D1%80
;;;Котлован;1930;https://ru.wikipedia.org/wiki/%D0%9A%D0%BE%D1%82%D0%BB%D0%BE%D0%B2%D0%B0%D0%BD_(%D0%BF%D0%BE%D0%B2%D0%B5%D1%81%D1%82%D1%8C)
;;;Счастливая Москва;1933 - 1936;
;;;Город Градов;1927;
;;;Третий сын;1936;
Олеша, Юрий Карлович;https://ru.wikipedia.org/wiki/%D0%9E%D0%BB%D0%B5%D1%88%D0%B0,_%D0%AE%D1%80%D0%B8%D0%B9_%D0%9A%D0%B0%D1%80%D0%BB%D0%BE%D0%B2%D0%B8%D1%87;;Три толстяка;1924;https://ru.wikipedia.org/wiki/%D0%A2%D1%80%D0%B8_%D1%82%D0%BE%D0%BB%D1%81%D1%82%D1%8F%D0%BA%D0%B0
;;;Зависть;1927;https://ru.wikipedia.org/wiki/%D0%97%D0%B0%D0%B2%D0%B8%D1%81%D1%82%D1%8C_(%D1%80%D0%BE%D0%BC%D0%B0%D0%BD)
;;;Вишневая косточка;1929;
Зощенко, Михаил Михайлович;https://ru.wikipedia.org/wiki/%D0%97%D0%BE%D1%89%D0%B5%D0%BD%D0%BA%D0%BE,_%D0%9C%D0%B8%D1%85%D0%B0%D0%B8%D0%BB_%D0%9C%D0%B8%D1%85%D0%B0%D0%B9%D0%BB%D0%BE%D0%B2%D0%B8%D1%87;http://lib.ru/RUSSLIT/ZOSHENKO/;Аристократка;1923;
;;;Баня;1924;
;;;Живой труп;1924;
;;;Хозрасчет;1925;
;;;Столичная штучка;1925;
Замятин, Евгений Иванович;https://ru.wikipedia.org/wiki/%D0%97%D0%B0%D0%BC%D1%8F%D1%82%D0%B8%D0%BD,_%D0%95%D0%B2%D0%B3%D0%B5%D0%BD%D0%B8%D0%B9_%D0%98%D0%B2%D0%B0%D0%BD%D0%BE%D0%B2%D0%B8%D1%87;http://az.lib.ru/z/zamjatin_e_i/;Мы;1920;https://ru.wikipedia.org/wiki/%D0%9C%D1%8B_(%D1%80%D0%BE%D0%BC%D0%B0%D0%BD)
;;;Ловец человеков;1921;
;;;Пещера;1920;
;;;Мамай;1920;
;;;Рассказ о самом главном;1923;
Ильф, Илья, Петров, Евгений;https://ru.wikipedia.org/wiki/%D0%98%D0%BB%D1%8C%D1%84_%D0%B8_%D0%9F%D0%B5%D1%82%D1%80%D0%BE%D0%B2;http://az.lib.ru/i/ilfpetrov/;Двенадцать стульев;1927;https://ru.wikipedia.org/wiki/%D0%94%D0%B2%D0%B5%D0%BD%D0%B0%D0%B4%D1%86%D0%B0%D1%82%D1%8C_%D1%81%D1%82%D1%83%D0%BB%D1%8C%D0%B5%D0%B2
;;;Золотой теленок;1931;https://ru.wikipedia.org/wiki/%D0%97%D0%BE%D0%BB%D0%BE%D1%82%D0%BE%D0%B9_%D1%82%D0%B5%D0%BB%D1%91%D0%BD%D0%BE%D0%BA
;;;Одноэтажная Америка;1936;https://ru.wikipedia.org/wiki/%D0%9E%D0%B4%D0%BD%D0%BE%D1%8D%D1%82%D0%B0%D0%B6%D0%BD%D0%B0%D1%8F_%D0%90%D0%BC%D0%B5%D1%80%D0%B8%D0%BA%D0%B0
Добычин, Леонид Иванович;https://ru.wikipedia.org/wiki/%D0%94%D0%BE%D0%B1%D1%8B%D1%87%D0%B8%D0%BD,_%D0%9B%D0%B5%D0%BE%D0%BD%D0%B8%D0%B4_%D0%98%D0%B2%D0%B0%D0%BD%D0%BE%D0%B2%D0%B8%D1%87;http://az.lib.ru/d/dobychin_l_i/;Город Эн;1935;
;;;Козлова;1927;
;;;Встречи с Лиз;1927;
Катаев, Валентин Петрович;https://ru.wikipedia.org/wiki/%D0%9A%D0%B0%D1%82%D0%B0%D0%B5%D0%B2,_%D0%92%D0%B0%D0%BB%D0%B5%D0%BD%D1%82%D0%B8%D0%BD_%D0%9F%D0%B5%D1%82%D1%80%D0%BE%D0%B2%D0%B8%D1%87;http://lib.ru/PROZA/KATAEW/;Время, вперёд!;1932;
;;;Белеет парус одинокий;1936;https://ru.wikipedia.org/wiki/%D0%91%D0%B5%D0%BB%D0%B5%D0%B5%D1%82_%D0%BF%D0%B0%D1%80%D1%83%D1%81_%D0%BE%D0%B4%D0%B8%D0%BD%D0%BE%D0%BA%D0%B8%D0%B9
;;;Сын полка;1944;https://ru.wikipedia.org/wiki/%D0%A1%D1%8B%D0%BD_%D0%BF%D0%BE%D0%BB%D0%BA%D0%B0_(%D0%BF%D0%BE%D0%B2%D0%B5%D1%81%D1%82%D1%8C)
Пастернак, Борис Леонидович;https://ru.wikipedia.org/wiki/%D0%9F%D0%B0%D1%81%D1%82%D0%B5%D1%80%D0%BD%D0%B0%D0%BA,_%D0%91%D0%BE%D1%80%D0%B8%D1%81_%D0%9B%D0%B5%D0%BE%D0%BD%D0%B8%D0%B4%D0%BE%D0%B2%D0%B8%D1%87;;Доктор Живаго;1945-1955;https://ru.wikipedia.org/wiki/%D0%94%D0%BE%D0%BA%D1%82%D0%BE%D1%80_%D0%96%D0%B8%D0%B2%D0%B0%D0%B3%D0%BE
;;;Детство Люверс;1918;
;;;Воздушные пути;1924;
Тынянов, Юрий Николаевич;https://ru.wikipedia.org/wiki/%D0%A2%D1%8B%D0%BD%D1%8F%D0%BD%D0%BE%D0%B2,_%D0%AE%D1%80%D0%B8%D0%B9_%D0%9D%D0%B8%D0%BA%D0%BE%D0%BB%D0%B0%D0%B5%D0%B2%D0%B8%D1%87#.D0.A0.D0.BE.D0.BC.D0.B0.D0.BD.D1.8B;http://az.lib.ru/t/tynjanow_j_n/;Кюхля;1925;
;;;Смерть Вазир-Мухтара;1927;
;;;Подпоручик Киже;1927;
;;;Восковая персона;1931;
Беляев, Александр Романович ;https://ru.wikipedia.org/wiki/%D0%91%D0%B5%D0%BB%D1%8F%D0%B5%D0%B2,_%D0%90%D0%BB%D0%B5%D0%BA%D1%81%D0%B0%D0%BD%D0%B4%D1%80_%D0%A0%D0%BE%D0%BC%D0%B0%D0%BD%D0%BE%D0%B2%D0%B8%D1%87;http://lib.ru/RUFANT/BELAEW/;Голова профессора Доуэля;1923 - 1928;https://ru.wikipedia.org/wiki/%D0%93%D0%BE%D0%BB%D0%BE%D0%B2%D0%B0_%D0%BF%D1%80%D0%BE%D1%84%D0%B5%D1%81%D1%81%D0%BE%D1%80%D0%B0_%D0%94%D0%BE%D1%83%D1%8D%D0%BB%D1%8F
;;;Остров погибших кораблей;1923 - 1928;https://ru.wikipedia.org/wiki/%D0%9E%D1%81%D1%82%D1%80%D0%BE%D0%B2_%D0%BF%D0%BE%D0%B3%D0%B8%D0%B1%D1%88%D0%B8%D1%85_%D0%BA%D0%BE%D1%80%D0%B0%D0%B1%D0%BB%D0%B5%D0%B9
;;;Человек-амфибия;1927;https://ru.wikipedia.org/wiki/%D0%A7%D0%B5%D0%BB%D0%BE%D0%B2%D0%B5%D0%BA-%D0%B0%D0%BC%D1%84%D0%B8%D0%B1%D0%B8%D1%8F
;;;Человек, потерявший лицо;1923 - 1928;https://ru.wikipedia.org/wiki/%D0%A7%D0%B5%D0%BB%D0%BE%D0%B2%D0%B5%D0%BA,_%D0%BF%D0%BE%D1%82%D0%B5%D1%80%D1%8F%D0%B2%D1%88%D0%B8%D0%B9_%D0%BB%D0%B8%D1%86%D0%BE
;;;Продавец воздуха;ок.1929;https://ru.wikipedia.org/wiki/%D0%9F%D1%80%D0%BE%D0%B4%D0%B0%D0%B2%D0%B5%D1%86_%D0%B2%D0%BE%D0%B7%D0%B4%D1%83%D1%85%D0%B0
Быков, Василь Владимирович;https://ru.wikipedia.org/wiki/%D0%91%D1%8B%D0%BA%D0%BE%D0%B2,_%D0%92%D0%B0%D1%81%D0%B8%D0%BB%D1%8C_%D0%92%D0%BB%D0%B0%D0%B4%D0%B8%D0%BC%D0%B8%D1%80%D0%BE%D0%B2%D0%B8%D1%87;http://lib.ru/PROZA/BYKOW/;Журавлиный крик;1959;https://ru.wikipedia.org/wiki/%D0%96%D1%83%D1%80%D0%B0%D0%B2%D0%BB%D0%B8%D0%BD%D1%8B%D0%B9_%D0%BA%D1%80%D0%B8%D0%BA
;;;Мертвым не больно;1965;https://ru.wikipedia.org/wiki/%D0%9C%D1%91%D1%80%D1%82%D0%B2%D1%8B%D0%BC_%D0%BD%D0%B5_%D0%B1%D0%BE%D0%BB%D1%8C%D0%BD%D0%BE
;;;Сотников;1969;https://ru.wikipedia.org/wiki/%D0%A1%D0%BE%D1%82%D0%BD%D0%B8%D0%BA%D0%BE%D0%B2_(%D0%BF%D0%BE%D0%B2%D0%B5%D1%81%D1%82%D1%8C)
;;;Обелиск;1971;https://ru.wikipedia.org/wiki/%D0%9E%D0%B1%D0%B5%D0%BB%D0%B8%D1%81%D0%BA_(%D0%BF%D0%BE%D0%B2%D0%B5%D1%81%D1%82%D1%8C)
;;;Дожить до расвета;1972;https://ru.wikipedia.org/wiki/%D0%94%D0%BE%D0%B6%D0%B8%D1%82%D1%8C_%D0%B4%D0%BE_%D1%80%D0%B0%D1%81%D1%81%D0%B2%D0%B5%D1%82%D0%B0_(%D0%BF%D0%BE%D0%B2%D0%B5%D1%81%D1%82%D1%8C)
Астафьев, Виктор Петрович;https://ru.wikipedia.org/wiki/%D0%90%D1%81%D1%82%D0%B0%D1%84%D1%8C%D0%B5%D0%B2,_%D0%92%D0%B8%D0%BA%D1%82%D0%BE%D1%80_%D0%9F%D0%B5%D1%82%D1%80%D0%BE%D0%B2%D0%B8%D1%87;http://lib.ru/PROZA/ASTAFIEW/;Прокляты и убиты;1993;https://ru.wikipedia.org/wiki/%D0%9F%D1%80%D0%BE%D0%BA%D0%BB%D1%8F%D1%82%D1%8B_%D0%B8_%D1%83%D0%B1%D0%B8%D1%82%D1%8B
;;;Царь-рыба;1976;
;;;Звездопад;1960 - 1972;
;;;Последний поклон;1968;
;;;Печальный детектив;1987;
Алексиевич, Светлана Александровна;https://ru.wikipedia.org/wiki/%D0%90%D0%BB%D0%B5%D0%BA%D1%81%D0%B8%D0%B5%D0%B2%D0%B8%D1%87,_%D0%A1%D0%B2%D0%B5%D1%82%D0%BB%D0%B0%D0%BD%D0%B0_%D0%90%D0%BB%D0%B5%D0%BA%D1%81%D0%B0%D0%BD%D0%B4%D1%80%D0%BE%D0%B2%D0%BD%D0%B0;http://lib.ru/NEWPROZA/ALEKSIEWICH/;У войны не женское лицо;1983;https://ru.wikipedia.org/wiki/%D0%A3_%D0%B2%D0%BE%D0%B9%D0%BD%D1%8B_%D0%BD%D0%B5_%D0%B6%D0%B5%D0%BD%D1%81%D0%BA%D0%BE%D0%B5_%D0%BB%D0%B8%D1%86%D0%BE
;;;Цинковые мальчики;ок.1989;https://ru.wikipedia.org/wiki/%D0%A6%D0%B8%D0%BD%D0%BA%D0%BE%D0%B2%D1%8B%D0%B5_%D0%BC%D0%B0%D0%BB%D1%8C%D1%87%D0%B8%D0%BA%D0%B8
;;;Чернобыльская молитва;ок.1997;https://ru.wikipedia.org/wiki/%D0%A7%D0%B5%D1%80%D0%BD%D0%BE%D0%B1%D1%8B%D0%BB%D1%8C%D1%81%D0%BA%D0%B0%D1%8F_%D0%BC%D0%BE%D0%BB%D0%B8%D1%82%D0%B2%D0%B0
;;;Время Секонд Хэнд;2013;
Бондарев, Юрий Васильевич;https://ru.wikipedia.org/wiki/%D0%91%D0%BE%D0%BD%D0%B4%D0%B0%D1%80%D0%B5%D0%B2,_%D0%AE%D1%80%D0%B8%D0%B9_%D0%92%D0%B0%D1%81%D0%B8%D0%BB%D1%8C%D0%B5%D0%B2%D0%B8%D1%87;http://lib.ru/PROZA/BONDAREW/;Батальоны просят огня;ок.1957;https://ru.wikipedia.org/wiki/%D0%91%D0%B0%D1%82%D0%B0%D0%BB%D1%8C%D0%BE%D0%BD%D1%8B_%D0%BF%D1%80%D0%BE%D1%81%D1%8F%D1%82_%D0%BE%D0%B3%D0%BD%D1%8F_(%D0%BF%D0%BE%D0%B2%D0%B5%D1%81%D1%82%D1%8C)
;;;Горячий снег;1965-1969;https://ru.wikipedia.org/wiki/%D0%93%D0%BE%D1%80%D1%8F%D1%87%D0%B8%D0%B9_%D1%81%D0%BD%D0%B5%D0%B3_(%D1%80%D0%BE%D0%BC%D0%B0%D0%BD)
;;;Берег;1970 - 1974;
;;;Последние залпы;1959;
Васильев, Борис Львович;https://ru.wikipedia.org/wiki/%D0%92%D0%B0%D1%81%D0%B8%D0%BB%D1%8C%D0%B5%D0%B2,_%D0%91%D0%BE%D1%80%D0%B8%D1%81_%D0%9B%D1%8C%D0%B2%D0%BE%D0%B2%D0%B8%D1%87;;А зори здесь тихие…;ок.1969;https://ru.wikipedia.org/wiki/%D0%90_%D0%B7%D0%BE%D1%80%D0%B8_%D0%B7%D0%B4%D0%B5%D1%81%D1%8C_%D1%82%D0%B8%D1%85%D0%B8%D0%B5_(%D0%BF%D0%BE%D0%B2%D0%B5%D1%81%D1%82%D1%8C)
;;;В списках не значился;1974;https://ru.wikipedia.org/wiki/%D0%92_%D1%81%D0%BF%D0%B8%D1%81%D0%BA%D0%B0%D1%85_%D0%BD%D0%B5_%D0%B7%D0%BD%D0%B0%D1%87%D0%B8%D0%BB%D1%81%D1%8F
;;;Завтра была война;1984;
;;;Встречный бой;1979;
;;;Не стреляйте белых лебедей;1973;https://ru.wikipedia.org/wiki/%D0%9D%D0%B5_%D1%81%D1%82%D1%80%D0%B5%D0%BB%D1%8F%D0%B9%D1%82%D0%B5_%D0%B1%D0%B5%D0%BB%D1%8B%D1%85_%D0%BB%D0%B5%D0%B1%D0%B5%D0%B4%D0%B5%D0%B9
Воробьев, Константин Дмитриевич;https://ru.wikipedia.org/wiki/%D0%92%D0%BE%D1%80%D0%BE%D0%B1%D1%8C%D1%91%D0%B2,_%D0%9A%D0%BE%D0%BD%D1%81%D1%82%D0%B0%D0%BD%D1%82%D0%B8%D0%BD_%D0%94%D0%BC%D0%B8%D1%82%D1%80%D0%B8%D0%B5%D0%B2%D0%B8%D1%87;http://lib.ru/PROZA/WOROBIEW/;Убиты под Москвой;1961;https://ru.wikipedia.org/wiki/%D0%A3%D0%B1%D0%B8%D1%82%D1%8B_%D0%BF%D0%BE%D0%B4_%D0%9C%D0%BE%D1%81%D0%BA%D0%B2%D0%BE%D0%B9
;;;Мой друг Момич;1965;
;;;Одним дыханием;1949;
Казакевич, Эммануил Генрихович;https://ru.wikipedia.org/wiki/%D0%9A%D0%B0%D0%B7%D0%B0%D0%BA%D0%B5%D0%B2%D0%B8%D1%87,_%D0%AD%D0%BC%D0%BC%D0%B0%D0%BD%D1%83%D0%B8%D0%BB_%D0%93%D0%B5%D0%BD%D1%80%D0%B8%D1%85%D0%BE%D0%B2%D0%B8%D1%87;http://lib.ru/PROZA/KAZAKEWICH/;Звезда;1947;https://ru.wikipedia.org/wiki/%D0%97%D0%B2%D0%B5%D0%B7%D0%B4%D0%B0_(%D0%BF%D0%BE%D0%B2%D0%B5%D1%81%D1%82%D1%8C)
;;;Весна на Одере;1949;
;;;Дом на площади;1956;
;;;Двое в степи;1948;
;;;Сердце друга;1953;
Некрасов, Виктор Платонович;https://ru.wikipedia.org/wiki/%D0%9D%D0%B5%D0%BA%D1%80%D0%B0%D1%81%D0%BE%D0%B2,_%D0%92%D0%B8%D0%BA%D1%82%D0%BE%D1%80_%D0%9F%D0%BB%D0%B0%D1%82%D0%BE%D0%BD%D0%BE%D0%B2%D0%B8%D1%87;http://lib.ru/PROZA/NEKRASOW/;В окопах Сталинграда;1946;https://ru.wikipedia.org/wiki/%D0%92_%D0%BE%D0%BA%D0%BE%D0%BF%D0%B0%D1%85_%D0%A1%D1%82%D0%B0%D0%BB%D0%B8%D0%BD%D0%B3%D1%80%D0%B0%D0%B4%D0%B0
;;;В родном городе;1954;
;;;Кира Георгиевна;1961;
;;;Судак;1958;
;;;Вторая ночь;1960;
Полевой, Борис Николаевич;https://ru.wikipedia.org/wiki/%D0%9F%D0%BE%D0%BB%D0%B5%D0%B2%D0%BE%D0%B9,_%D0%91%D0%BE%D1%80%D0%B8%D1%81_%D0%9D%D0%B8%D0%BA%D0%BE%D0%BB%D0%B0%D0%B5%D0%B2%D0%B8%D1%87;http://lib.ru/PROZA/POLEWOJ/;Повесть о настоящем человеке;1946;https://ru.wikipedia.org/wiki/%D0%9F%D0%BE%D0%B2%D0%B5%D1%81%D1%82%D1%8C_%D0%BE_%D0%BD%D0%B0%D1%81%D1%82%D0%BE%D1%8F%D1%89%D0%B5%D0%BC_%D1%87%D0%B5%D0%BB%D0%BE%D0%B2%D0%B5%D0%BA%D0%B5
;;;Вернулся;1949;
;;;Золото;1950;
;;;Глубокий тыл;1958;
;;;На диком бреге;1962;
Приставкин, Анатолий Игнатьевич;https://ru.wikipedia.org/wiki/%D0%9F%D1%80%D0%B8%D1%81%D1%82%D0%B0%D0%B2%D0%BA%D0%B8%D0%BD,_%D0%90%D0%BD%D0%B0%D1%82%D0%BE%D0%BB%D0%B8%D0%B9_%D0%98%D0%B3%D0%BD%D0%B0%D1%82%D1%8C%D0%B5%D0%B2%D0%B8%D1%87;http://lib.ru/PROZA/PRISTAWKIN/;Городок;сер.1970;
;;;Солдат и мальчик;1977;
;;;Ночевала тучка золотая;1981;https://ru.wikipedia.org/wiki/%D0%9D%D0%BE%D1%87%D0%B5%D0%B2%D0%B0%D0%BB%D0%B0_%D1%82%D1%83%D1%87%D0%BA%D0%B0_%D0%B7%D0%BE%D0%BB%D0%BE%D1%82%D0%B0%D1%8F
;;;Кукушата, или Жалобная песнь для успокоения сердца;1989;
Семенов, Юлиан Семенович;https://ru.wikipedia.org/wiki/%D0%A1%D0%B5%D0%BC%D1%91%D0%BD%D0%BE%D0%B2,_%D0%AE%D0%BB%D0%B8%D0%B0%D0%BD_%D0%A1%D0%B5%D0%BC%D1%91%D0%BD%D0%BE%D0%B2%D0%B8%D1%87;http://lib.ru/RUSS_DETEKTIW/SEMENOW_YU/;Семнадцать мгновений весны;1969;https://ru.wikipedia.org/wiki/%D0%A1%D0%B5%D0%BC%D0%BD%D0%B0%D0%B4%D1%86%D0%B0%D1%82%D1%8C_%D0%BC%D0%B3%D0%BD%D0%BE%D0%B2%D0%B5%D0%BD%D0%B8%D0%B9_%D0%B2%D0%B5%D1%81%D0%BD%D1%8B_(%D1%80%D0%BE%D0%BC%D0%B0%D0%BD)
;;;ТАСС уполномочен заявить…;1979;https://ru.wikipedia.org/wiki/%D0%A2%D0%90%D0%A1%D0%A1_%D1%83%D0%BF%D0%BE%D0%BB%D0%BD%D0%BE%D0%BC%D0%BE%D1%87%D0%B5%D0%BD_%D0%B7%D0%B0%D1%8F%D0%B2%D0%B8%D1%82%D1%8C%E2%80%A6_(%D1%80%D0%BE%D0%BC%D0%B0%D0%BD)
;;;Петровка, 38;1963;https://ru.wikipedia.org/wiki/%D0%9F%D0%B5%D1%82%D1%80%D0%BE%D0%B2%D0%BA%D0%B0,_38_(%D1%80%D0%BE%D0%BC%D0%B0%D0%BD)
;;;Огарева, 6;1972;https://ru.wikipedia.org/wiki/%D0%9E%D0%B3%D0%B0%D1%80%D1%91%D0%B2%D0%B0,_6_(%D0%BF%D0%BE%D0%B2%D0%B5%D1%81%D1%82%D1%8C)
;;;Противостояние;1980;https://ru.wikipedia.org/wiki/%D0%9F%D1%80%D0%BE%D1%82%D0%B8%D0%B2%D0%BE%D1%81%D1%82%D0%BE%D1%8F%D0%BD%D0%B8%D0%B5_(%D1%80%D0%BE%D0%BC%D0%B0%D0%BD_%D0%AE%D0%BB%D0%B8%D0%B0%D0%BD%D0%B0_%D0%A1%D0%B5%D0%BC%D1%91%D0%BD%D0%BE%D0%B2%D0%B0)
Шукшин, Василий Макарович;https://ru.wikipedia.org/wiki/%D0%A8%D1%83%D0%BA%D1%88%D0%B8%D0%BD,_%D0%92%D0%B0%D1%81%D0%B8%D0%BB%D0%B8%D0%B9_%D0%9C%D0%B0%D0%BA%D0%B0%D1%80%D0%BE%D0%B2%D0%B8%D1%87;http://lib.ru/SHUKSHIN/;Калина красная;1973;
;;;Точка зрения;1974;
;;;Чудик;1967;
;;;Срезал;1970;
;;;Микроскоп;1969;
Распутин, Валентин Григорьевич;https://ru.wikipedia.org/wiki/%D0%A0%D0%B0%D1%81%D0%BF%D1%83%D1%82%D0%B8%D0%BD,_%D0%92%D0%B0%D0%BB%D0%B5%D0%BD%D1%82%D0%B8%D0%BD_%D0%93%D1%80%D0%B8%D0%B3%D0%BE%D1%80%D1%8C%D0%B5%D0%B2%D0%B8%D1%87;http://lib.ru/PROZA/RASPUTIN/;Последний срок;1970;
;;;Живи и помни;1974;https://ru.wikipedia.org/wiki/%D0%96%D0%B8%D0%B2%D0%B8_%D0%B8_%D0%BF%D0%BE%D0%BC%D0%BD%D0%B8
;;;Прощание с Матерой;1976;https://ru.wikipedia.org/wiki/%D0%9F%D1%80%D0%BE%D1%89%D0%B0%D0%BD%D0%B8%D0%B5_%D1%81_%D0%9C%D0%B0%D1%82%D1%91%D1%80%D0%BE%D0%B9
;;;Пожар;1985;
;;;Уроки французского;ок.1973;https://ru.wikipedia.org/wiki/%D0%A3%D1%80%D0%BE%D0%BA%D0%B8_%D1%84%D1%80%D0%B0%D0%BD%D1%86%D1%83%D0%B7%D1%81%D0%BA%D0%BE%D0%B3%D0%BE
Абрамов, Федор Александрович;https://ru.wikipedia.org/wiki/%D0%90%D0%B1%D1%80%D0%B0%D0%BC%D0%BE%D0%B2,_%D0%A4%D1%91%D0%B4%D0%BE%D1%80_%D0%90%D0%BB%D0%B5%D0%BA%D1%81%D0%B0%D0%BD%D0%B4%D1%80%D0%BE%D0%B2%D0%B8%D1%87;http://lib.ru/PROZA/ABRAMOW/;Братья и сестры;1958;https://ru.wikipedia.org/wiki/%D0%91%D1%80%D0%B0%D1%82%D1%8C%D1%8F_%D0%B8_%D1%81%D1%91%D1%81%D1%82%D1%80%D1%8B_(%D1%80%D0%BE%D0%BC%D0%B0%D0%BD)
;;;Две зимы и три лета;1968;
;;;Пути-перепутья;1973;
;;;Дом;1978;
Белов, Василий Иванович;https://ru.wikipedia.org/wiki/%D0%91%D0%B5%D0%BB%D0%BE%D0%B2,_%D0%92%D0%B0%D1%81%D0%B8%D0%BB%D0%B8%D0%B9_%D0%98%D0%B2%D0%B0%D0%BD%D0%BE%D0%B2%D0%B8%D1%87;;Привычное дело;1966;
;;;Плотницкие рассказы;1968;
;;;Всё впереди;1986;
Троепольский, Гавриил Николаевич;https://ru.wikipedia.org/wiki/%D0%A2%D1%80%D0%BE%D0%B5%D0%BF%D0%BE%D0%BB%D1%8C%D1%81%D0%BA%D0%B8%D0%B9,_%D0%93%D0%B0%D0%B2%D1%80%D0%B8%D0%B8%D0%BB_%D0%9D%D0%B8%D0%BA%D0%BE%D0%BB%D0%B0%D0%B5%D0%B2%D0%B8%D1%87;http://lib.ru/PROZA/TROEPOLSKIJ/;Кандидат наук;1958;
;;;Чернозем;1961;
;;;Белый Бим Черное ухо;1971;https://ru.wikipedia.org/wiki/%D0%91%D0%B5%D0%BB%D1%8B%D0%B9_%D0%91%D0%B8%D0%BC_%D0%A7%D1%91%D1%80%D0%BD%D0%BE%D0%B5_%D1%83%D1%85%D0%BE_(%D0%BF%D0%BE%D0%B2%D0%B5%D1%81%D1%82%D1%8C)
Трифонов, Юрий Валентинович;https://ru.wikipedia.org/wiki/%D0%A2%D1%80%D0%B8%D1%84%D0%BE%D0%BD%D0%BE%D0%B2,_%D0%AE%D1%80%D0%B8%D0%B9_%D0%92%D0%B0%D0%BB%D0%B5%D0%BD%D1%82%D0%B8%D0%BD%D0%BE%D0%B2%D0%B8%D1%87;;Дом на набережной;1975;https://ru.wikipedia.org/wiki/%D0%94%D0%BE%D0%BC_%D0%BD%D0%B0_%D0%BD%D0%B0%D0%B1%D0%B5%D1%80%D0%B5%D0%B6%D0%BD%D0%BE%D0%B9_(%D0%A2%D1%80%D0%B8%D1%84%D0%BE%D0%BD%D0%BE%D0%B2)
;;;Обмен;1969;https://ru.wikipedia.org/wiki/%D0%9E%D0%B1%D0%BC%D0%B5%D0%BD_(%D0%BF%D0%BE%D0%B2%D0%B5%D1%81%D1%82%D1%8C)
;;;Время и место;1980;
;;;Долгое прощание;1971;
;;;Другая жизнь;1975;
Айтматов, Чингиз Торекулович;https://ru.wikipedia.org/wiki/%D0%90%D0%B9%D1%82%D0%BC%D0%B0%D1%82%D0%BE%D0%B2,_%D0%A7%D0%B8%D0%BD%D0%B3%D0%B8%D0%B7_%D0%A2%D0%BE%D1%80%D0%B5%D0%BA%D1%83%D0%BB%D0%BE%D0%B2%D0%B8%D1%87;http://lib.ru/PROZA/AJTMATOW/;Белый пароход;1970;https://ru.wikipedia.org/wiki/%D0%91%D0%B5%D0%BB%D1%8B%D0%B9_%D0%BF%D0%B0%D1%80%D0%BE%D1%85%D0%BE%D0%B4
;;;Пегий пес, бегущий краем моря;1977;https://ru.wikipedia.org/wiki/%D0%9F%D0%B5%D0%B3%D0%B8%D0%B9_%D0%BF%D1%91%D1%81,_%D0%B1%D0%B5%D0%B3%D1%83%D1%89%D0%B8%D0%B9_%D0%BA%D1%80%D0%B0%D0%B5%D0%BC_%D0%BC%D0%BE%D1%80%D1%8F_(%D0%BF%D0%BE%D0%B2%D0%B5%D1%81%D1%82%D1%8C)
;;;Плаха;1986;https://ru.wikipedia.org/wiki/%D0%9F%D0%BB%D0%B0%D1%85%D0%B0_(%D1%80%D0%BE%D0%BC%D0%B0%D0%BD)
Пикуль, Валентин Саввич;https://ru.wikipedia.org/wiki/%D0%9F%D0%B8%D0%BA%D1%83%D0%BB%D1%8C,_%D0%92%D0%B0%D0%BB%D0%B5%D0%BD%D1%82%D0%B8%D0%BD_%D0%A1%D0%B0%D0%B2%D0%B2%D0%B8%D1%87;;Париж на три часа;1962;https://ru.wikipedia.org/wiki/%D0%9F%D0%B0%D1%80%D0%B8%D0%B6_%D0%BD%D0%B0_%D1%82%D1%80%D0%B8_%D1%87%D0%B0%D1%81%D0%B0_(%D1%80%D0%BE%D0%BC%D0%B0%D0%BD)
;;;На задворках Великой империи;1964-1966;https://ru.wikipedia.org/wiki/%D0%9D%D0%B0_%D0%B7%D0%B0%D0%B4%D0%B2%D0%BE%D1%80%D0%BA%D0%B0%D1%85_%D0%92%D0%B5%D0%BB%D0%B8%D0%BA%D0%BE%D0%B9_%D0%B8%D0%BC%D0%BF%D0%B5%D1%80%D0%B8%D0%B8
;;;Слово и дело;1974-1975;https://ru.wikipedia.org/wiki/%D0%A1%D0%BB%D0%BE%D0%B2%D0%BE_%D0%B8_%D0%B4%D0%B5%D0%BB%D0%BE_(%D1%80%D0%BE%D0%BC%D0%B0%D0%BD)
;;;Фаворит;1984;https://ru.wikipedia.org/wiki/%D0%A4%D0%B0%D0%B2%D0%BE%D1%80%D0%B8%D1%82_(%D1%80%D0%BE%D0%BC%D0%B0%D0%BD)
Стругацкий, Борис Натанович;https://ru.wikipedia.org/wiki/%D0%91%D1%80%D0%B0%D1%82%D1%8C%D1%8F_%D0%A1%D1%82%D1%80%D1%83%D0%B3%D0%B0%D1%86%D0%BA%D0%B8%D0%B5;http://lib.baikal.net/STRUGACKIE/;Трудно быть богом;1964;https://ru.wikipedia.org/wiki/%D0%A2%D1%80%D1%83%D0%B4%D0%BD%D0%BE_%D0%B1%D1%8B%D1%82%D1%8C_%D0%B1%D0%BE%D0%B3%D0%BE%D0%BC
;;;Понедельник начинается в субботу;1965;https://ru.wikipedia.org/wiki/%D0%9F%D0%BE%D0%BD%D0%B5%D0%B4%D0%B5%D0%BB%D1%8C%D0%BD%D0%B8%D0%BA_%D0%BD%D0%B0%D1%87%D0%B8%D0%BD%D0%B0%D0%B5%D1%82%D1%81%D1%8F_%D0%B2_%D1%81%D1%83%D0%B1%D0%B1%D0%BE%D1%82%D1%83
;;;Улитка на склоне;1966-1968;https://ru.wikipedia.org/wiki/%D0%A3%D0%BB%D0%B8%D1%82%D0%BA%D0%B0_%D0%BD%D0%B0_%D1%81%D0%BA%D0%BB%D0%BE%D0%BD%D0%B5
;;;Пикник на обочине;1971;https://ru.wikipedia.org/wiki/%D0%9F%D0%B8%D0%BA%D0%BD%D0%B8%D0%BA_%D0%BD%D0%B0_%D0%BE%D0%B1%D0%BE%D1%87%D0%B8%D0%BD%D0%B5
Ефремов, Иван Антонович;https://ru.wikipedia.org/wiki/%D0%95%D1%84%D1%80%D0%B5%D0%BC%D0%BE%D0%B2,_%D0%98%D0%B2%D0%B0%D0%BD_%D0%90%D0%BD%D1%82%D0%BE%D0%BD%D0%BE%D0%B2%D0%B8%D1%87;;Туманность Андромеды;1957;https://ru.wikipedia.org/wiki/%D0%A2%D1%83%D0%BC%D0%B0%D0%BD%D0%BD%D0%BE%D1%81%D1%82%D1%8C_%D0%90%D0%BD%D0%B4%D1%80%D0%BE%D0%BC%D0%B5%D0%B4%D1%8B_(%D1%80%D0%BE%D0%BC%D0%B0%D0%BD)
;;;Сердце змеи;1959;https://ru.wikipedia.org/wiki/%D0%A1%D0%B5%D1%80%D0%B4%D1%86%D0%B5_%D0%97%D0%BC%D0%B5%D0%B8
;;;Лезвие бритвы;1959 - 1962;https://ru.wikipedia.org/wiki/%D0%9B%D0%B5%D0%B7%D0%B2%D0%B8%D0%B5_%D0%B1%D1%80%D0%B8%D1%82%D0%B2%D1%8B_(%D1%80%D0%BE%D0%BC%D0%B0%D0%BD,_1963)
;;;Час быка;1968;https://ru.wikipedia.org/wiki/%D0%A7%D0%B0%D1%81_%D0%91%D1%8B%D0%BA%D0%B0
Булычев, Кир;https://ru.wikipedia.org/wiki/%D0%9A%D0%B8%D1%80_%D0%91%D1%83%D0%BB%D1%8B%D1%87%D1%91%D0%B2;http://www.2lib.ru/authors/376.html;Путешествие Алисы;1971;https://ru.wikipedia.org/wiki/%D0%9F%D1%83%D1%82%D0%B5%D1%88%D0%B5%D1%81%D1%82%D0%B2%D0%B8%D0%B5_%D0%90%D0%BB%D0%B8%D1%81%D1%8B
;;;Сто лет тому вперед;1978;https://ru.wikipedia.org/wiki/%D0%A1%D1%82%D0%BE_%D0%BB%D0%B5%D1%82_%D1%82%D0%BE%D0%BC%D1%83_%D0%B2%D0%BF%D0%B5%D1%80%D1%91%D0%B4
;;;Похищение чародея;1979;
;;;Перпендикулярный мир;1989;
;;;Вид на битву с высоты;1998;
Вайнер, Аркадий Александрович;https://ru.wikipedia.org/wiki/%D0%91%D1%80%D0%B0%D1%82%D1%8C%D1%8F_%D0%92%D0%B0%D0%B9%D0%BD%D0%B5%D1%80%D1%8B;http://lib.ru/RUSS_DETEKTIW/WAJNERY/;Эра милосердия;1976;https://ru.wikipedia.org/wiki/%D0%AD%D1%80%D0%B0_%D0%BC%D0%B8%D0%BB%D0%BE%D1%81%D0%B5%D1%80%D0%B4%D0%B8%D1%8F_(%D1%80%D0%BE%D0%BC%D0%B0%D0%BD)
;;;Город принял!;1978;
;;;Петля и камень в зелёной траве;1991;
Гранин, Даниил Александрович;https://ru.wikipedia.org/wiki/%D0%93%D1%80%D0%B0%D0%BD%D0%B8%D0%BD,_%D0%94%D0%B0%D0%BD%D0%B8%D0%B8%D0%BB_%D0%90%D0%BB%D0%B5%D0%BA%D1%81%D0%B0%D0%BD%D0%B4%D1%80%D0%BE%D0%B2%D0%B8%D1%87;http://lib.ru/PROZA/GRANIN/;Искатели;1954;https://ru.wikipedia.org/wiki/%D0%98%D1%81%D0%BA%D0%B0%D1%82%D0%B5%D0%BB%D0%B8_(%D1%80%D0%BE%D0%BC%D0%B0%D0%BD)
;;;Иду на грозу;1962;
;;;Картина;1980;
;;;Еще заметен след;1984;
;;;Наш дорогой Роман Авдеевич;1990;
Искандер, Фазиль Абдулович;https://ru.wikipedia.org/wiki/%D0%98%D1%81%D0%BA%D0%B0%D0%BD%D0%B4%D0%B5%D1%80,_%D0%A4%D0%B0%D0%B7%D0%B8%D0%BB%D1%8C_%D0%90%D0%B1%D0%B4%D1%83%D0%BB%D0%BE%D0%B2%D0%B8%D1%87;http://lib.ru/FISKANDER/;Созвездие Козлотура;1966;
;;;Сандро из Чегема;1973;https://ru.wikipedia.org/wiki/%D0%A1%D0%B0%D0%BD%D0%B4%D1%80%D0%BE_%D0%B8%D0%B7_%D0%A7%D0%B5%D0%B3%D0%B5%D0%BC%D0%B0
;;;Морской скорпион;1977;
;;;Кролики и удавы;1982;https://ru.wikipedia.org/wiki/%D0%9A%D1%80%D0%BE%D0%BB%D0%B8%D0%BA%D0%B8_%D0%B8_%D1%83%D0%B4%D0%B0%D0%B2%D1%8B
;;;Тринадцатый подвиг Геракла;1964;https://ru.wikipedia.org/wiki/%D0%A2%D1%80%D0%B8%D0%BD%D0%B0%D0%B4%D1%86%D0%B0%D1%82%D1%8B%D0%B9_%D0%BF%D0%BE%D0%B4%D0%B2%D0%B8%D0%B3_%D0%93%D0%B5%D1%80%D0%B0%D0%BA%D0%BB%D0%B0
Кабаков, Александр Абрамович;https://ru.wikipedia.org/wiki/%D0%9A%D0%B0%D0%B1%D0%B0%D0%BA%D0%BE%D0%B2,_%D0%90%D0%BB%D0%B5%D0%BA%D1%81%D0%B0%D0%BD%D0%B4%D1%80_%D0%90%D0%B1%D1%80%D0%B0%D0%BC%D0%BE%D0%B2%D0%B8%D1%87;http://lib.ru/KABAKOW/;Невозвращенец;1988;
;;;Последний герой;1994-1995;
;;;Сочинитель;1991;
;;;Ударом на удар, или Подход Кристаповича;1981-1984;
Каверин, Вениамин Александрович;https://ru.wikipedia.org/wiki/%D0%9A%D0%B0%D0%B2%D0%B5%D1%80%D0%B8%D0%BD,_%D0%92%D0%B5%D0%BD%D0%B8%D0%B0%D0%BC%D0%B8%D0%BD_%D0%90%D0%BB%D0%B5%D0%BA%D1%81%D0%B0%D0%BD%D0%B4%D1%80%D0%BE%D0%B2%D0%B8%D1%87;;Два капитана;1938-1944;https://ru.wikipedia.org/wiki/%D0%94%D0%B2%D0%B0_%D0%BA%D0%B0%D0%BF%D0%B8%D1%82%D0%B0%D0%BD%D0%B0
;;;Открытая книга;1948-1956;https://ru.wikipedia.org/wiki/%D0%9E%D1%82%D0%BA%D1%80%D1%8B%D1%82%D0%B0%D1%8F_%D0%BA%D0%BD%D0%B8%D0%B3%D0%B0_(%D1%80%D0%BE%D0%BC%D0%B0%D0%BD)
;;;Семь пар нечистых;1962;
;;;Косой дождь;1962;
;;;Наука расставания;1982;
Маканин, Владимир Семенович;https://ru.wikipedia.org/wiki/%D0%9C%D0%B0%D0%BA%D0%B0%D0%BD%D0%B8%D0%BD,_%D0%92%D0%BB%D0%B0%D0%B4%D0%B8%D0%BC%D0%B8%D1%80_%D0%A1%D0%B5%D0%BC%D1%91%D0%BD%D0%BE%D0%B2%D0%B8%D1%87;http://lib.ru/PROZA/MAKANIN/;Андеграунд, или Герой нашего времени;1998;
;;;Испуг;2006;
;;;Асан;2008;
;;;Две сестры и Кандинский;2011;
Нагибин, Юрий Маркович;https://ru.wikipedia.org/wiki/%D0%9D%D0%B0%D0%B3%D0%B8%D0%B1%D0%B8%D0%BD,_%D0%AE%D1%80%D0%B8%D0%B9_%D0%9C%D0%B0%D1%80%D0%BA%D0%BE%D0%B2%D0%B8%D1%87;http://lib.ru/PROZA/NAGIBIN/;Последняя охота;1957;
;;;Страницы жизни Трубникова;1962;
;;;Чистые пруды;1962;
;;;Тьма в конце туннеля;1994;
Толстая, Татьяна Никитична;https://ru.wikipedia.org/wiki/%D0%A2%D0%BE%D0%BB%D1%81%D1%82%D0%B0%D1%8F,_%D0%A2%D0%B0%D1%82%D1%8C%D1%8F%D0%BD%D0%B0_%D0%9D%D0%B8%D0%BA%D0%B8%D1%82%D0%B8%D1%87%D0%BD%D0%B0;http://lib.ru/PROZA/TOLSTAYA/;Кысь;1986-2000;https://ru.wikipedia.org/wiki/%D0%9A%D1%8B%D1%81%D1%8C
;;;Река Оккервиль;ок.1985;
;;;Сюжет;ок.1987;
;;;Легкие миры;2010-е;
Солженицын, Александр Исаевич;https://ru.wikipedia.org/wiki/%D0%A1%D0%BE%D0%BB%D0%B6%D0%B5%D0%BD%D0%B8%D1%86%D1%8B%D0%BD,_%D0%90%D0%BB%D0%B5%D0%BA%D1%81%D0%B0%D0%BD%D0%B4%D1%80_%D0%98%D1%81%D0%B0%D0%B5%D0%B2%D0%B8%D1%87;http://lib.ru/PROZA/SOLZHENICYN/;Один день Ивана Денисовича;1959;https://ru.wikipedia.org/wiki/%D0%9E%D0%B4%D0%B8%D0%BD_%D0%B4%D0%B5%D0%BD%D1%8C_%D0%98%D0%B2%D0%B0%D0%BD%D0%B0_%D0%94%D0%B5%D0%BD%D0%B8%D1%81%D0%BE%D0%B2%D0%B8%D1%87%D0%B0
;;;Матренин двор;1959;https://ru.wikipedia.org/wiki/%D0%9C%D0%B0%D1%82%D1%80%D1%91%D0%BD%D0%B8%D0%BD_%D0%B4%D0%B2%D0%BE%D1%80
;;;Архипелаг ГУЛАГ;1958-1968;https://ru.wikipedia.org/wiki/%D0%90%D1%80%D1%85%D0%B8%D0%BF%D0%B5%D0%BB%D0%B0%D0%B3_%D0%93%D0%A3%D0%9B%D0%90%D0%93
;;;В круге первом;1955-1958;https://ru.wikipedia.org/wiki/%D0%92_%D0%BA%D1%80%D1%83%D0%B3%D0%B5_%D0%BF%D0%B5%D1%80%D0%B2%D0%BE%D0%BC
;;;Раковый корпус;1963-1966;https://ru.wikipedia.org/wiki/%D0%A0%D0%B0%D0%BA%D0%BE%D0%B2%D1%8B%D0%B9_%D0%BA%D0%BE%D1%80%D0%BF%D1%83%D1%81
Шаламов, Варлам Тихонович;https://ru.wikipedia.org/wiki/%D0%A8%D0%B0%D0%BB%D0%B0%D0%BC%D0%BE%D0%B2,_%D0%92%D0%B0%D1%80%D0%BB%D0%B0%D0%BC_%D0%A2%D0%B8%D1%85%D0%BE%D0%BD%D0%BE%D0%B2%D0%B8%D1%87;http://lib.ru/RUFANT/SHALIMOW/;Последний бой майора Пугачева;1959;
;;;Посылка;1960;
;;;Шерри-Бренди;1958;
;;;Детские картинки;1959;
;;;Сгущенное молоко;1956;
Гроссман, Василий Семенович;https://ru.wikipedia.org/wiki/%D0%93%D1%80%D0%BE%D1%81%D1%81%D0%BC%D0%B0%D0%BD,_%D0%92%D0%B0%D1%81%D0%B8%D0%BB%D0%B8%D0%B9_%D0%A1%D0%B5%D0%BC%D1%91%D0%BD%D0%BE%D0%B2%D0%B8%D1%87;http://lib.ru/PROZA/GROSSMAN/;Жизнь и судьба;1950-1959;https://ru.wikipedia.org/wiki/%D0%96%D0%B8%D0%B7%D0%BD%D1%8C_%D0%B8_%D1%81%D1%83%D0%B4%D1%8C%D0%B1%D0%B0_(%D1%80%D0%BE%D0%BC%D0%B0%D0%BD)
;;;За правое дело;1952;
;;;Все течет…;1963;
Рыбаков, Анатолий Наумович;https://ru.wikipedia.org/wiki/%D0%A0%D1%8B%D0%B1%D0%B0%D0%BA%D0%BE%D0%B2,_%D0%90%D0%BD%D0%B0%D1%82%D0%BE%D0%BB%D0%B8%D0%B9_%D0%9D%D0%B0%D1%83%D0%BC%D0%BE%D0%B2%D0%B8%D1%87;;Кортик;1948;https://ru.wikipedia.org/wiki/%D0%9A%D0%BE%D1%80%D1%82%D0%B8%D0%BA_(%D0%BF%D0%BE%D0%B2%D0%B5%D1%81%D1%82%D1%8C)
;;;Бронзовая птица;1956;https://ru.wikipedia.org/wiki/%D0%91%D1%80%D0%BE%D0%BD%D0%B7%D0%BE%D0%B2%D0%B0%D1%8F_%D0%BF%D1%82%D0%B8%D1%86%D0%B0_(%D1%80%D0%BE%D0%BC%D0%B0%D0%BD)
;;;Тяжелый песок;1978;https://ru.wikipedia.org/wiki/%D0%A2%D1%8F%D0%B6%D1%91%D0%BB%D1%8B%D0%B9_%D0%BF%D0%B5%D1%81%D0%BE%D0%BA_(%D1%80%D0%BE%D0%BC%D0%B0%D0%BD)
;;;Дети Арбата;1950-1982;https://ru.wikipedia.org/wiki/%D0%94%D0%B5%D1%82%D0%B8_%D0%90%D1%80%D0%B1%D0%B0%D1%82%D0%B0
Домбровский, Юрий Осипович;https://ru.wikipedia.org/wiki/%D0%94%D0%BE%D0%BC%D0%B1%D1%80%D0%BE%D0%B2%D1%81%D0%BA%D0%B8%D0%B9,_%D0%AE%D1%80%D0%B8%D0%B9_%D0%9E%D1%81%D0%B8%D0%BF%D0%BE%D0%B2%D0%B8%D1%87;http://lib.ru/PROZA/DOMBROWSKIJ/;Обезьяна приходит за своим черепом;1943-1958;https://ru.wikipedia.org/wiki/%D0%9E%D0%B1%D0%B5%D0%B7%D1%8C%D1%8F%D0%BD%D0%B0_%D0%BF%D1%80%D0%B8%D1%85%D0%BE%D0%B4%D0%B8%D1%82_%D0%B7%D0%B0_%D1%81%D0%B2%D0%BE%D0%B8%D0%BC_%D1%87%D0%B5%D1%80%D0%B5%D0%BF%D0%BE%D0%BC
;;;Хранитель древностей;1964;
;;;Факультет ненужных вещей;1964-1975;
Дудинцев, Владимир Дмитриевич;https://ru.wikipedia.org/wiki/%D0%94%D1%83%D0%B4%D0%B8%D0%BD%D1%86%D0%B5%D0%B2,_%D0%92%D0%BB%D0%B0%D0%B4%D0%B8%D0%BC%D0%B8%D1%80_%D0%94%D0%BC%D0%B8%D1%82%D1%80%D0%B8%D0%B5%D0%B2%D0%B8%D1%87;http://lib.ru/PROZA/DUDINCEW/;Не хлебом единым;1956;
;;;Белые одежды;1986;https://ru.wikipedia.org/wiki/%D0%91%D0%B5%D0%BB%D1%8B%D0%B5_%D0%BE%D0%B4%D0%B5%D0%B6%D0%B4%D1%8B_(%D1%80%D0%BE%D0%BC%D0%B0%D0%BD)
;;;Новогодняя сказка;1960;
Андреев, Даниил Леонидович;https://ru.wikipedia.org/wiki/%D0%90%D0%BD%D0%B4%D1%80%D0%B5%D0%B5%D0%B2,_%D0%94%D0%B0%D0%BD%D0%B8%D0%B8%D0%BB_%D0%9B%D0%B5%D0%BE%D0%BD%D0%B8%D0%B4%D0%BE%D0%B2%D0%B8%D1%87;http://lib.ru/DANDREEW/;Русские боги;1955;
;;;Железная мистерия;1956;
;;;Роза Мира;1958;https://ru.wikipedia.org/wiki/%D0%A0%D0%BE%D0%B7%D0%B0_%D0%9C%D0%B8%D1%80%D0%B0
Битов, Андрей Георгиевич;https://ru.wikipedia.org/wiki/%D0%91%D0%B8%D1%82%D0%BE%D0%B2,_%D0%90%D0%BD%D0%B4%D1%80%D0%B5%D0%B9_%D0%93%D0%B5%D0%BE%D1%80%D0%B3%D0%B8%D0%B5%D0%B2%D0%B8%D1%87;http://lib.ru/PROZA/BITOW/;Пушкинский дом;1964-1971;https://ru.wikipedia.org/wiki/%D0%9F%D1%83%D1%88%D0%BA%D0%B8%D0%BD%D1%81%D0%BA%D0%B8%D0%B9_%D0%B4%D0%BE%D0%BC_(%D1%80%D0%BE%D0%BC%D0%B0%D0%BD)
;;;Преподаватель симметрии;1987;
;;;Птицы, или Новые сведения о человеке (Птицы, или Оглашение человека);1971;
Ерофеев, Венедикт Васильевич;https://ru.wikipedia.org/wiki/%D0%95%D1%80%D0%BE%D1%84%D0%B5%D0%B5%D0%B2,_%D0%92%D0%B5%D0%BD%D0%B5%D0%B4%D0%B8%D0%BA%D1%82_%D0%92%D0%B0%D1%81%D0%B8%D0%BB%D1%8C%D0%B5%D0%B2%D0%B8%D1%87;;Москва-Петушки;1969-1970;https://ru.wikipedia.org/wiki/%D0%9C%D0%BE%D1%81%D0%BA%D0%B2%D0%B0_%E2%80%94_%D0%9F%D0%B5%D1%82%D1%83%D1%88%D0%BA%D0%B8
;;;Записки психопата;1956-1958;
;;;Благая весть;1962;
Довлатов, Сергей Донатович;https://ru.wikipedia.org/wiki/%D0%94%D0%BE%D0%B2%D0%BB%D0%B0%D1%82%D0%BE%D0%B2,_%D0%A1%D0%B5%D1%80%D0%B3%D0%B5%D0%B9_%D0%94%D0%BE%D0%BD%D0%B0%D1%82%D0%BE%D0%B2%D0%B8%D1%87;http://lib.ru/DOWLATOW/;Иностранка;1986;https://ru.wikipedia.org/wiki/%D0%98%D0%BD%D0%BE%D1%81%D1%82%D1%80%D0%B0%D0%BD%D0%BA%D0%B0_(%D0%BF%D0%BE%D0%B2%D0%B5%D1%81%D1%82%D1%8C)
;;;Филиал;1987;https://ru.wikipedia.org/wiki/%D0%A4%D0%B8%D0%BB%D0%B8%D0%B0%D0%BB_(%D0%BF%D0%BE%D0%B2%D0%B5%D1%81%D1%82%D1%8C)
;;;Заповедник;1877-1983;https://ru.wikipedia.org/wiki/%D0%97%D0%B0%D0%BF%D0%BE%D0%B2%D0%B5%D0%B4%D0%BD%D0%B8%D0%BA_(%D0%BF%D0%BE%D0%B2%D0%B5%D1%81%D1%82%D1%8C)
;;;Зона (Записки надзирателя);1962-1982;https://ru.wikipedia.org/wiki/%D0%97%D0%BE%D0%BD%D0%B0:_%D0%97%D0%B0%D0%BF%D0%B8%D1%81%D0%BA%D0%B8_%D0%BD%D0%B0%D0%B4%D0%B7%D0%B8%D1%80%D0%B0%D1%82%D0%B5%D0%BB%D1%8F
Аксенов, Василий Павлович;https://ru.wikipedia.org/wiki/%D0%90%D0%BA%D1%81%D1%91%D0%BD%D0%BE%D0%B2,_%D0%92%D0%B0%D1%81%D0%B8%D0%BB%D0%B8%D0%B9_%D0%9F%D0%B0%D0%B2%D0%BB%D0%BE%D0%B2%D0%B8%D1%87;;Коллеги;1959;https://ru.wikipedia.org/wiki/%D0%9A%D0%BE%D0%BB%D0%BB%D0%B5%D0%B3%D0%B8_(%D0%BF%D0%BE%D0%B2%D0%B5%D1%81%D1%82%D1%8C)
;;;Звездный билет;1961;https://ru.wikipedia.org/wiki/%D0%97%D0%B2%D1%91%D0%B7%D0%B4%D0%BD%D1%8B%D0%B9_%D0%B1%D0%B8%D0%BB%D0%B5%D1%82
;;;Мой дедушка - памятник;1969;https://ru.wikipedia.org/wiki/%D0%9C%D0%BE%D0%B9_%D0%B4%D0%B5%D0%B4%D1%83%D1%88%D0%BA%D0%B0_%E2%80%94_%D0%BF%D0%B0%D0%BC%D1%8F%D1%82%D0%BD%D0%B8%D0%BA
;;;Остров Крым;1979;https://ru.wikipedia.org/wiki/%D0%9E%D1%81%D1%82%D1%80%D0%BE%D0%B2_%D0%9A%D1%80%D1%8B%D0%BC
;;;Московская сага;1991-1992;https://ru.wikipedia.org/wiki/%D0%9C%D0%BE%D1%81%D0%BA%D0%BE%D0%B2%D1%81%D0%BA%D0%B0%D1%8F_%D1%81%D0%B0%D0%B3%D0%B0
Войнович, Владимир Николаевич;https://ru.wikipedia.org/wiki/%D0%92%D0%BE%D0%B9%D0%BD%D0%BE%D0%B2%D0%B8%D1%87,_%D0%92%D0%BB%D0%B0%D0%B4%D0%B8%D0%BC%D0%B8%D1%80_%D0%9D%D0%B8%D0%BA%D0%BE%D0%BB%D0%B0%D0%B5%D0%B2%D0%B8%D1%87;http://lib.ru/PROZA/WOJNOWICH/;Два товарища;1967;
;;;Степень доверия;ок.1972;
;;;Жизнь и необычайные приключения солдата Ивана Чонкина;1969, 1975;https://ru.wikipedia.org/wiki/%D0%96%D0%B8%D0%B7%D0%BD%D1%8C_%D0%B8_%D0%BD%D0%B5%D0%BE%D0%B1%D1%8B%D1%87%D0%B0%D0%B9%D0%BD%D1%8B%D0%B5_%D0%BF%D1%80%D0%B8%D0%BA%D0%BB%D1%8E%D1%87%D0%B5%D0%BD%D0%B8%D1%8F_%D1%81%D0%BE%D0%BB%D0%B4%D0%B0%D1%82%D0%B0_%D0%98%D0%B2%D0%B0%D0%BD%D0%B0_%D0%A7%D0%BE%D0%BD%D0%BA%D0%B8%D0%BD%D0%B0
;;;Москва 2042;1987;https://ru.wikipedia.org/wiki/%D0%9C%D0%BE%D1%81%D0%BA%D0%B2%D0%B0_2042
Алешковский, Юз;https://ru.wikipedia.org/wiki/%D0%90%D0%BB%D0%B5%D1%88%D0%BA%D0%BE%D0%B2%D1%81%D0%BA%D0%B8%D0%B9,_%D0%AE%D0%B7;http://lib.ru/PROZA/ALESHKOWSKIJ/;Кыш, Двапортфеля и целая неделя;1970;
;;;Кенгуру;1975;https://ru.wikipedia.org/wiki/%D0%9A%D0%B5%D0%BD%D0%B3%D1%83%D1%80%D1%83_(%D0%BF%D0%BE%D0%B2%D0%B5%D1%81%D1%82%D1%8C)
;;;Маскировка;1977;
;;;Синенький скромный платочек;1980;
Соколов, Саша;https://ru.wikipedia.org/wiki/%D0%A1%D0%BE%D0%BA%D0%BE%D0%BB%D0%BE%D0%B2,_%D0%A1%D0%B0%D1%88%D0%B0;;Школа для дураков;1973;https://ru.wikipedia.org/wiki/%D0%A8%D0%BA%D0%BE%D0%BB%D0%B0_%D0%B4%D0%BB%D1%8F_%D0%B4%D1%83%D1%80%D0%B0%D0%BA%D0%BE%D0%B2
;;;Между собакой и волком;1980;https://ru.wikipedia.org/wiki/%D0%9C%D0%B5%D0%B6%D0%B4%D1%83_%D1%81%D0%BE%D0%B1%D0%B0%D0%BA%D0%BE%D0%B9_%D0%B8_%D0%B2%D0%BE%D0%BB%D0%BA%D0%BE%D0%BC
;;;Газибо;2009;
Лимонов, Эдуард Вениаминович;https://ru.wikipedia.org/wiki/%D0%9B%D0%B8%D0%BC%D0%BE%D0%BD%D0%BE%D0%B2,_%D0%AD%D0%B4%D1%83%D0%B0%D1%80%D0%B4_%D0%92%D0%B5%D0%BD%D0%B8%D0%B0%D0%BC%D0%B8%D0%BD%D0%BE%D0%B2%D0%B8%D1%87;http://lib.ru/PROZA/LIMONOV/;Это я - Эдичка;1976;https://ru.wikipedia.org/wiki/%D0%AD%D1%82%D0%BE_%D1%8F_%E2%80%94_%D0%AD%D0%B4%D0%B8%D1%87%D0%BA%D0%B0
;;;Дневник неудачника;1982;
;;;Палач;1986;
;;;У нас была великая эпоха;1987;
Можаев, Борис Андреевич;https://ru.wikipedia.org/wiki/%D0%9C%D0%BE%D0%B6%D0%B0%D0%B5%D0%B2,_%D0%91%D0%BE%D1%80%D0%B8%D1%81_%D0%90%D0%BD%D0%B4%D1%80%D0%B5%D0%B5%D0%B2%D0%B8%D1%87;http://lib.ru/PROZA/MOZHAEW/;Мужики и бабы;1976, 1987;https://ru.wikipedia.org/wiki/%D0%9C%D1%83%D0%B6%D0%B8%D0%BA%D0%B8_%D0%B8_%D0%B1%D0%B0%D0%B1%D1%8B
;;;Живой;1965;https://ru.wikipedia.org/wiki/%D0%96%D0%B8%D0%B2%D0%BE%D0%B9_(%D0%BF%D0%BE%D0%B2%D0%B5%D1%81%D1%82%D1%8C)
;;;История села Брёхова, писанная Петром Афанасиевичем Булкиным;1968;https://ru.wikipedia.org/wiki/%D0%98%D1%81%D1%82%D0%BE%D1%80%D0%B8%D1%8F_%D1%81%D0%B5%D0%BB%D0%B0_%D0%91%D1%80%D1%91%D1%85%D0%BE%D0%B2%D0%B0,_%D0%BF%D0%B8%D1%81%D0%B0%D0%BD%D0%BD%D0%B0%D1%8F_%D0%9F%D0%B5%D1%82%D1%80%D0%BE%D0%BC_%D0%90%D1%84%D0%B0%D0%BD%D0%B0%D1%81%D0%B8%D0%B5%D0%B2%D0%B8%D1%87%D0%B5%D0%BC_%D0%91%D1%83%D0%BB%D0%BA%D0%B8%D0%BD%D1%8B%D0%BC
;;;Полтора квадратных метра;1970;https://ru.wikipedia.org/wiki/%D0%9F%D0%BE%D0%BB%D1%82%D0%BE%D1%80%D0%B0_%D0%BA%D0%B2%D0%B0%D0%B4%D1%80%D0%B0%D1%82%D0%BD%D1%8B%D1%85_%D0%BC%D0%B5%D1%82%D1%80%D0%B0
Попов, Валерий Георгиевич;https://ru.wikipedia.org/wiki/%D0%9F%D0%BE%D0%BF%D0%BE%D0%B2,_%D0%92%D0%B0%D0%BB%D0%B5%D1%80%D0%B8%D0%B9_%D0%93%D0%B5%D0%BE%D1%80%D0%B3%D0%B8%D0%B5%D0%B2%D0%B8%D1%87;;Жизнь удалась;1981;
;;;Иногда промелькнет;1991;
;;;Остров Рай;1993;
Петрушевская, Людмила Стефановна;https://ru.wikipedia.org/wiki/%D0%9F%D0%B5%D1%82%D1%80%D1%83%D1%88%D0%B5%D0%B2%D1%81%D0%BA%D0%B0%D1%8F,_%D0%9B%D1%8E%D0%B4%D0%BC%D0%B8%D0%BB%D0%B0_%D0%A1%D1%82%D0%B5%D1%84%D0%B0%D0%BD%D0%BE%D0%B2%D0%BD%D0%B0;http://lib.ru/PROZA/PETRUSHEWSKAYA/;Свой круг;1988;
;;;Время ночь;1992;
;;;Номер один или в садах иных возможностей;2004;
Ерофеев Виктор Владимирович;https://ru.wikipedia.org/wiki/%D0%95%D1%80%D0%BE%D1%84%D0%B5%D0%B5%D0%B2,_%D0%92%D0%B8%D0%BA%D1%82%D0%BE%D1%80_%D0%92%D0%BB%D0%B0%D0%B4%D0%B8%D0%BC%D0%B8%D1%80%D0%BE%D0%B2%D0%B8%D1%87;http://lib.ru/EROFEEW_WI/;Бог Х;ок.2001;
;;;Свет дьявола;ок.2008;
;;;Жизнь с идиотом;ок.1991;
;;;Акимунды;ок.2012;
Славникова, Ольга Александровна;https://ru.wikipedia.org/wiki/%D0%A1%D0%BB%D0%B0%D0%B2%D0%BD%D0%B8%D0%BA%D0%BE%D0%B2%D0%B0,_%D0%9E%D0%BB%D1%8C%D0%B3%D0%B0_%D0%90%D0%BB%D0%B5%D0%BA%D1%81%D0%B0%D0%BD%D0%B4%D1%80%D0%BE%D0%B2%D0%BD%D0%B0;;Стрекоза, увеличенная до размеров собаки;1997;
;;;Один в зеркале;1999;
;;;Бессмертный;2001;
;;;2017;2003-2005;
Пелевин, Виктор Олегович;https://ru.wikipedia.org/wiki/%D0%9F%D0%B5%D0%BB%D0%B5%D0%B2%D0%B8%D0%BD,_%D0%92%D0%B8%D0%BA%D1%82%D0%BE%D1%80_%D0%9E%D0%BB%D0%B5%D0%B3%D0%BE%D0%B2%D0%B8%D1%87;http://www.2lib.ru/authors/1975.html;Омон Ра;1991;https://ru.wikipedia.org/wiki/%D0%9E%D0%BC%D0%BE%D0%BD_%D0%A0%D0%B0
;;;Generation „П“» («Поколение „П“);ок.1999;https://ru.wikipedia.org/wiki/Generation_%C2%AB%D0%9F%C2%BB
;;;Чапаев и пустота;1996;https://ru.wikipedia.org/wiki/%D0%A7%D0%B0%D0%BF%D0%B0%D0%B5%D0%B2_%D0%B8_%D0%9F%D1%83%D1%81%D1%82%D0%BE%D1%82%D0%B0
;;;Лампа Мафусаила, или Крайняя битва чекистов с масонами;2016;https://ru.wikipedia.org/wiki/%D0%9B%D0%B0%D0%BC%D0%BF%D0%B0_%D0%9C%D0%B0%D1%84%D1%83%D1%81%D0%B0%D0%B8%D0%BB%D0%B0,_%D0%B8%D0%BB%D0%B8_%D0%9A%D1%80%D0%B0%D0%B9%D0%BD%D1%8F%D1%8F_%D0%B1%D0%B8%D1%82%D0%B2%D0%B0_%D1%87%D0%B5%D0%BA%D0%B8%D1%81%D1%82%D0%BE%D0%B2_%D1%81_%D0%BC%D0%B0%D1%81%D0%BE%D0%BD%D0%B0%D0%BC%D0%B8
Сорокин, Владимир Георгиевич;https://ru.wikipedia.org/wiki/%D0%A1%D0%BE%D1%80%D0%BE%D0%BA%D0%B8%D0%BD,_%D0%92%D0%BB%D0%B0%D0%B4%D0%B8%D0%BC%D0%B8%D1%80_%D0%93%D0%B5%D0%BE%D1%80%D0%B3%D0%B8%D0%B5%D0%B2%D0%B8%D1%87;http://lib.ru/SOROKIN/;Норма;1983;https://ru.wikipedia.org/wiki/%D0%9D%D0%BE%D1%80%D0%BC%D0%B0_(%D0%A1%D0%BE%D1%80%D0%BE%D0%BA%D0%B8%D0%BD)
;;;Тридцатая любовь марины;1984;https://ru.wikipedia.org/wiki/%D0%A2%D1%80%D0%B8%D0%B4%D1%86%D0%B0%D1%82%D0%B0%D1%8F_%D0%BB%D1%8E%D0%B1%D0%BE%D0%B2%D1%8C_%D0%9C%D0%B0%D1%80%D0%B8%D0%BD%D1%8B
;;;Голубое сало;ок.1999;https://ru.wikipedia.org/wiki/%D0%93%D0%BE%D0%BB%D1%83%D0%B1%D0%BE%D0%B5_%D1%81%D0%B0%D0%BB%D0%BE
;;;Теллургия;ок.2013;https://ru.wikipedia.org/wiki/%D0%A2%D0%B5%D0%BB%D0%BB%D1%83%D1%80%D0%B8%D1%8F
Улицкая, Людмила Евгеньевна;https://ru.wikipedia.org/wiki/%D0%A3%D0%BB%D0%B8%D1%86%D0%BA%D0%B0%D1%8F,_%D0%9B%D1%8E%D0%B4%D0%BC%D0%B8%D0%BB%D0%B0_%D0%95%D0%B2%D0%B3%D0%B5%D0%BD%D1%8C%D0%B5%D0%B2%D0%BD%D0%B0;;Казус Кукоцкого;2001;https://ru.wikipedia.org/wiki/%D0%9A%D0%B0%D0%B7%D1%83%D1%81_%D0%9A%D1%83%D0%BA%D0%BE%D1%86%D0%BA%D0%BE%D0%B3%D0%BE
;;;Даниэль Штайн, переводчик;2006;https://ru.wikipedia.org/wiki/%D0%94%D0%B0%D0%BD%D0%B8%D1%8D%D0%BB%D1%8C_%D0%A8%D1%82%D0%B0%D0%B9%D0%BD,_%D0%BF%D0%B5%D1%80%D0%B5%D0%B2%D0%BE%D0%B4%D1%87%D0%B8%D0%BA
;;;Зеленый шатер;2011;
;;;Искренне ваш Шурик;2003;
Пьецух, Вячеслав Алексеевич;https://ru.wikipedia.org/wiki/%D0%9F%D1%8C%D0%B5%D1%86%D1%83%D1%85,_%D0%92%D1%8F%D1%87%D0%B5%D1%81%D0%BB%D0%B0%D0%B2_%D0%90%D0%BB%D0%B5%D0%BA%D1%81%D0%B5%D0%B5%D0%B2%D0%B8%D1%87;http://lib.ru/PROZA/PIECUH/;В предчувствии октября;ок.2004;
;;;Город Глупов в последние десять лет;2000-е;
;;;Исповедь дуралея;2011;
Рубина, Дина Ильинична;https://ru.wikipedia.org/wiki/%D0%A0%D1%83%D0%B1%D0%B8%D0%BD%D0%B0,_%D0%94%D0%B8%D0%BD%D0%B0_%D0%98%D0%BB%D1%8C%D0%B8%D0%BD%D0%B8%D1%87%D0%BD%D0%B0;http://lib.ru/NEWPROZA/RUBINA/;На солнечной стороне улицы;2006;
;;;Почерк Леонардо;ок.2008;https://ru.wikipedia.org/wiki/%D0%9F%D0%BE%D1%87%D0%B5%D1%80%D0%BA_%D0%9B%D0%B5%D0%BE%D0%BD%D0%B0%D1%80%D0%B4%D0%BE
;;;Белая голубка Кордовы;2009;https://ru.wikipedia.org/wiki/%D0%91%D0%B5%D0%BB%D0%B0%D1%8F_%D0%B3%D0%BE%D0%BB%D1%83%D0%B1%D0%BA%D0%B0_%D0%9A%D0%BE%D1%80%D0%B4%D0%BE%D0%B2%D1%8B
;;;Синдром Петрушки;ок.2010;
Быков, Дмитрий Львович;https://ru.wikipedia.org/wiki/%D0%91%D1%8B%D0%BA%D0%BE%D0%B2,_%D0%94%D0%BC%D0%B8%D1%82%D1%80%D0%B8%D0%B9_%D0%9B%D1%8C%D0%B2%D0%BE%D0%B2%D0%B8%D1%87;http://lib.ru/POEZIQ/BYKOW_D/;Оправдание;2001;
;;;Орфография;2003;
;;;Остромов, или Ученик чародея;2010;
;;;Икс;2012;
Геласимов, Андрей Валерьевич;https://ru.wikipedia.org/wiki/%D0%93%D0%B5%D0%BB%D0%B0%D1%81%D0%B8%D0%BC%D0%BE%D0%B2,_%D0%90%D0%BD%D0%B4%D1%80%D0%B5%D0%B9_%D0%92%D0%B0%D0%BB%D0%B5%D1%80%D1%8C%D0%B5%D0%B2%D0%B8%D1%87;;Фокс Малдер похож на свинью;2001;
;;;Жажда;2002;
;;;Степные Боги;2008;
;;;Холод;2015;
Веллер, Михаил Иосифович;https://ru.wikipedia.org/wiki/%D0%92%D0%B5%D0%BB%D0%BB%D0%B5%D1%80,_%D0%9C%D0%B8%D1%85%D0%B0%D0%B8%D0%BB_%D0%98%D0%BE%D1%81%D0%B8%D1%84%D0%BE%D0%B2%D0%B8%D1%87;http://lib.ru/WELLER/;Приключения майора Звягина;ок.1991;https://ru.wikipedia.org/wiki/%D0%9F%D1%80%D0%B8%D0%BA%D0%BB%D1%8E%D1%87%D0%B5%D0%BD%D0%B8%D1%8F_%D0%BC%D0%B0%D0%B9%D0%BE%D1%80%D0%B0_%D0%97%D0%B2%D1%8F%D0%B3%D0%B8%D0%BD%D0%B0
;;;Ножик Сережи Довлатова;1994;
;;;Жестокий;2003;
;;;Перпендикуляр;2008;
Жванецкий, Михаил Михайлович;https://ru.wikipedia.org/wiki/%D0%96%D0%B2%D0%B0%D0%BD%D0%B5%D1%86%D0%BA%D0%B8%D0%B9,_%D0%9C%D0%B8%D1%85%D0%B0%D0%B8%D0%BB_%D0%9C%D0%B8%D1%85%D0%B0%D0%B9%D0%BB%D0%BE%D0%B2%D0%B8%D1%87;;Собрание на ликеро-водочном заводе;1980-е;
;;;Софья Генриховна;1990-е;
;;;На даче;;
;;;Сосредоточенные размышления;;
Гришковец, Евгений Валерьевич ;https://ru.wikipedia.org/wiki/%D0%93%D1%80%D0%B8%D1%88%D0%BA%D0%BE%D0%B2%D0%B5%D1%86,_%D0%95%D0%B2%D0%B3%D0%B5%D0%BD%D0%B8%D0%B9_%D0%92%D0%B0%D0%BB%D0%B5%D1%80%D1%8C%D0%B5%D0%B2%D0%B8%D1%87;;Рубашка;2004;
;;;Асфальт;2008;
;;;Реки;2005;
;;;А…..а;2010;
Иванов, Алексей Викторович;https://ru.wikipedia.org/wiki/%D0%98%D0%B2%D0%B0%D0%BD%D0%BE%D0%B2,_%D0%90%D0%BB%D0%B5%D0%BA%D1%81%D0%B5%D0%B9_%D0%92%D0%B8%D0%BA%D1%82%D0%BE%D1%80%D0%BE%D0%B2%D0%B8%D1%87;http://lib.ru/RUFANT/IWANOW_A/;Общага-на-Крови;1992;https://ru.wikipedia.org/wiki/%D0%9E%D0%B1%D1%89%D0%B0%D0%B3%D0%B0-%D0%BD%D0%B0-%D0%9A%D1%80%D0%BE%D0%B2%D0%B8
;;;Географ глобус пропил;1995;https://ru.wikipedia.org/wiki/%D0%93%D0%B5%D0%BE%D0%B3%D1%80%D0%B0%D1%84_%D0%B3%D0%BB%D0%BE%D0%B1%D1%83%D1%81_%D0%BF%D1%80%D0%BE%D0%BF%D0%B8%D0%BB_(%D1%80%D0%BE%D0%BC%D0%B0%D0%BD)
;;;Сердце Пармы;2003;https://ru.wikipedia.org/wiki/%D0%A1%D0%B5%D1%80%D0%B4%D1%86%D0%B5_%D0%9F%D0%B0%D1%80%D0%BC%D1%8B
Прилепин, Захар;https://ru.wikipedia.org/wiki/%D0%9F%D1%80%D0%B8%D0%BB%D0%B5%D0%BF%D0%B8%D0%BD,_%D0%97%D0%B0%D1%85%D0%B0%D1%80;;Санькя;2006;https://ru.wikipedia.org/wiki/%D0%A1%D0%B0%D0%BD%D1%8C%D0%BA%D1%8F
;;;Патологии;2004;https://ru.wikipedia.org/wiki/%D0%9F%D0%B0%D1%82%D0%BE%D0%BB%D0%BE%D0%B3%D0%B8%D0%B8_(%D1%80%D0%BE%D0%BC%D0%B0%D0%BD)
;;;Обитель;ок.2014;https://ru.wikipedia.org/wiki/%D0%9E%D0%B1%D0%B8%D1%82%D0%B5%D0%BB%D1%8C_(%D1%80%D0%BE%D0%BC%D0%B0%D0%BD)
Шаргунов, Сергей Александрович;https://ru.wikipedia.org/wiki/%D0%A8%D0%B0%D1%80%D0%B3%D1%83%D0%BD%D0%BE%D0%B2,_%D0%A1%D0%B5%D1%80%D0%B3%D0%B5%D0%B9_%D0%90%D0%BB%D0%B5%D0%BA%D1%81%D0%B0%D0%BD%D0%B4%D1%80%D0%BE%D0%B2%D0%B8%D1%87;http://lib.ru/NEWPROZA/SHARGUNOW/;"1993. Семейный портрет на фоне горящего дома 
";ок.2013;
;;;Птичий грипп;ок.2008;
;;;Малыш наказан;ок.2003;
Акунин, Борис;https://ru.wikipedia.org/wiki/%D0%91%D0%BE%D1%80%D0%B8%D1%81_%D0%90%D0%BA%D1%83%D0%BD%D0%B8%D0%BD;http://lib.ru/RUSS_DETEKTIW/BAKUNIN/;Турецкий Гамбит;1998;https://ru.wikipedia.org/wiki/%D0%A2%D1%83%D1%80%D0%B5%D1%86%D0%BA%D0%B8%D0%B9_%D0%B3%D0%B0%D0%BC%D0%B1%D0%B8%D1%82
;;;Статский Советник;1999;https://ru.wikipedia.org/wiki/%D0%A1%D1%82%D0%B0%D1%82%D1%81%D0%BA%D0%B8%D0%B9_%D1%81%D0%BE%D0%B2%D0%B5%D1%82%D0%BD%D0%B8%D0%BA_(%D1%80%D0%BE%D0%BC%D0%B0%D0%BD)
;;;Алтын-Толобас;2001;https://ru.wikipedia.org/wiki/%D0%90%D0%BB%D1%82%D1%8B%D0%BD-%D1%82%D0%BE%D0%BB%D0%BE%D0%B1%D0%B0%D1%81
;;;Ф.М.;2006;https://ru.wikipedia.org/wiki/%D0%A4._%D0%9C.
;;;Нефритовые четки;2006;https://ru.wikipedia.org/wiki/%D0%9D%D0%B5%D1%84%D1%80%D0%B8%D1%82%D0%BE%D0%B2%D1%8B%D0%B5_%D1%87%D1%91%D1%82%D0%BA%D0%B8
Устинова, Татьяна Витальевна;https://ru.wikipedia.org/wiki/%D0%A3%D1%81%D1%82%D0%B8%D0%BD%D0%BE%D0%B2%D0%B0,_%D0%A2%D0%B0%D1%82%D1%8C%D1%8F%D0%BD%D0%B0_%D0%92%D0%B8%D1%82%D0%B0%D0%BB%D1%8C%D0%B5%D0%B2%D0%BD%D0%B0;;Богиня прайм-тайма;2003;
;;;Жизнь, по слухам, одна!;2008;
;;;Неразрезанные страницы;2011;
;;;Шекспир мне друг, но истина дороже;2015;
Донцова, Дарья;https://ru.wikipedia.org/wiki/%D0%94%D0%BE%D0%BD%D1%86%D0%BE%D0%B2%D0%B0,_%D0%94%D0%B0%D1%80%D1%8C%D1%8F;;Бермудский треугольник черной вдовы;2015;
;;;Всем сестрам по мозгам;2013;
;;;Рваные валенки мадам Помпадур;2011;
;;;Дед Снегур и Морозочка;2010;
Проханов, Александр Андреевич;https://ru.wikipedia.org/wiki/%D0%9F%D1%80%D0%BE%D1%85%D0%B0%D0%BD%D0%BE%D0%B2,_%D0%90%D0%BB%D0%B5%D0%BA%D1%81%D0%B0%D0%BD%D0%B4%D1%80_%D0%90%D0%BD%D0%B4%D1%80%D0%B5%D0%B5%D0%B2%D0%B8%D1%87;;Место действия;1979;
;;;И вот приходит ветер;1980-е;
;;;Шестьсот лет после битвы;1988;
;;;Господин Гексоген;2002;https://ru.wikipedia.org/wiki/%D0%93%D0%BE%D1%81%D0%BF%D0%BE%D0%B4%D0%B8%D0%BD_%D0%93%D0%B5%D0%BA%D1%81%D0%BE%D0%B3%D0%B5%D0%BD
Кассиль, Лев Абрамович;https://ru.wikipedia.org/wiki/%D0%9A%D0%B0%D1%81%D1%81%D0%B8%D0%BB%D1%8C,_%D0%9B%D0%B5%D0%B2_%D0%90%D0%B1%D1%80%D0%B0%D0%BC%D0%BE%D0%B2%D0%B8%D1%87;http://lib.ru/PROZA/KASSIL/;Кондуит и Швамбрания;1931, 1955;https://ru.wikipedia.org/wiki/%D0%9A%D0%BE%D0%BD%D0%B4%D1%83%D0%B8%D1%82_%D0%B8_%D0%A8%D0%B2%D0%B0%D0%BC%D0%B1%D1%80%D0%B0%D0%BD%D0%B8%D1%8F
;;;Дорогие мои мальчишки;1944;
;;;Будьте готовы, Ваше высочество;1964;https://ru.wikipedia.org/wiki/%D0%91%D1%83%D0%B4%D1%8C%D1%82%D0%B5_%D0%B3%D0%BE%D1%82%D0%BE%D0%B2%D1%8B,_%D0%92%D0%B0%D1%88%D0%B5_%D0%B2%D1%8B%D1%81%D0%BE%D1%87%D0%B5%D1%81%D1%82%D0%B2%D0%BE!_(%D0%BF%D0%BE%D0%B2%D0%B5%D1%81%D1%82%D1%8C)
;;;Ученик чародея;ок.1934;
Носов, Николай Николаевич;https://ru.wikipedia.org/wiki/%D0%9D%D0%BE%D1%81%D0%BE%D0%B2,_%D0%9D%D0%B8%D0%BA%D0%BE%D0%BB%D0%B0%D0%B9_%D0%9D%D0%B8%D0%BA%D0%BE%D0%BB%D0%B0%D0%B5%D0%B2%D0%B8%D1%87;http://lib.ru/NOSOW/;Приключения Незнайки и его друзей;1954;https://ru.wikipedia.org/wiki/%D0%9F%D1%80%D0%B8%D0%BA%D0%BB%D1%8E%D1%87%D0%B5%D0%BD%D0%B8%D1%8F_%D0%9D%D0%B5%D0%B7%D0%BD%D0%B0%D0%B9%D0%BA%D0%B8_%D0%B8_%D0%B5%D0%B3%D0%BE_%D0%B4%D1%80%D1%83%D0%B7%D0%B5%D0%B9
;;;Незнайка в Солнечном городе;1958;https://ru.wikipedia.org/wiki/%D0%9D%D0%B5%D0%B7%D0%BD%D0%B0%D0%B9%D0%BA%D0%B0_%D0%B2_%D0%A1%D0%BE%D0%BB%D0%BD%D0%B5%D1%87%D0%BD%D0%BE%D0%BC_%D0%B3%D0%BE%D1%80%D0%BE%D0%B4%D0%B5
;;;Незнайка на Луне;1965;https://ru.wikipedia.org/wiki/%D0%9D%D0%B5%D0%B7%D0%BD%D0%B0%D0%B9%D0%BA%D0%B0_%D0%BD%D0%B0_%D0%9B%D1%83%D0%BD%D0%B5
;;;Витя Малеев в школе и дома;1951;https://ru.wikipedia.org/wiki/%D0%92%D0%B8%D1%82%D1%8F_%D0%9C%D0%B0%D0%BB%D0%B5%D0%B5%D0%B2_%D0%B2_%D1%88%D0%BA%D0%BE%D0%BB%D0%B5_%D0%B8_%D0%B4%D0%BE%D0%BC%D0%B0
;;;Веселая семейка;1949;https://ru.wikipedia.org/wiki/%D0%92%D0%B5%D1%81%D1%91%D0%BB%D0%B0%D1%8F_%D1%81%D0%B5%D0%BC%D0%B5%D0%B9%D0%BA%D0%B0
Драгунский, Виктор Юзефович;https://ru.wikipedia.org/wiki/%D0%94%D1%80%D0%B0%D0%B3%D1%83%D0%BD%D1%81%D0%BA%D0%B8%D0%B9,_%D0%92%D0%B8%D0%BA%D1%82%D0%BE%D1%80_%D0%AE%D0%B7%D0%B5%D1%84%D0%BE%D0%B2%D0%B8%D1%87;http://lib.ru/PRIKL/DRAGUNSKIJ/;Девочка на шаре;1960-е;
;;;Гусиное горло;1960-е;
;;;Ровно 25 кило;1960-е;
;;;Третье место в стиле баттерфляй;1960-е;
;;;Сегодня и ежедневно;1964;https://ru.wikipedia.org/wiki/%D0%A1%D0%B5%D0%B3%D0%BE%D0%B4%D0%BD%D1%8F_%D0%B8_%D0%B5%D0%B6%D0%B5%D0%B4%D0%BD%D0%B5%D0%B2%D0%BD%D0%BE
Крапивин, Владислав Петрович;https://ru.wikipedia.org/wiki/%D0%9A%D1%80%D0%B0%D0%BF%D0%B8%D0%B2%D0%B8%D0%BD,_%D0%92%D0%BB%D0%B0%D0%B4%D0%B8%D1%81%D0%BB%D0%B0%D0%B2_%D0%9F%D0%B5%D1%82%D1%80%D0%BE%D0%B2%D0%B8%D1%87;http://lib.ru/KRAPIWIN/;Мальчик со шпагой;1974;https://ru.wikipedia.org/wiki/%D0%9C%D0%B0%D0%BB%D1%8C%D1%87%D0%B8%D0%BA_%D1%81%D0%BE_%D1%88%D0%BF%D0%B0%D0%B3%D0%BE%D0%B9
;;;Трое с площади Карронад ;1979;https://ru.wikipedia.org/wiki/%D0%A2%D1%80%D0%BE%D0%B5_%D1%81_%D0%BF%D0%BB%D0%BE%D1%89%D0%B0%D0%B4%D0%B8_%D0%9A%D0%B0%D1%80%D1%80%D0%BE%D0%BD%D0%B0%D0%B4_(%D0%BF%D0%BE%D0%B2%D0%B5%D1%81%D1%82%D1%8C)
;;;Голубятня на желтой поляне;1985;https://ru.wikipedia.org/wiki/%D0%93%D0%BE%D0%BB%D1%83%D0%B1%D1%8F%D1%82%D0%BD%D1%8F_%D0%BD%D0%B0_%D0%B6%D1%91%D0%BB%D1%82%D0%BE%D0%B9_%D0%BF%D0%BE%D0%BB%D1%8F%D0%BD%D0%B5
Гайдар, Аркадий Петрович;https://ru.wikipedia.org/wiki/%D0%93%D0%B0%D0%B9%D0%B4%D0%B0%D1%80,_%D0%90%D1%80%D0%BA%D0%B0%D0%B4%D0%B8%D0%B9_%D0%9F%D0%B5%D1%82%D1%80%D0%BE%D0%B2%D0%B8%D1%87;http://lib.ru/GOLIKOW/;В дни поражений и побед;1924;https://ru.wikipedia.org/wiki/%D0%92_%D0%B4%D0%BD%D0%B8_%D0%BF%D0%BE%D1%80%D0%B0%D0%B6%D0%B5%D0%BD%D0%B8%D0%B9_%D0%B8_%D0%BF%D0%BE%D0%B1%D0%B5%D0%B4
;;;Голубая чашка;1936;https://ru.wikipedia.org/wiki/%D0%93%D0%BE%D0%BB%D1%83%D0%B1%D0%B0%D1%8F_%D1%87%D0%B0%D1%88%D0%BA%D0%B0
;;;Чук и Гек;1939;https://ru.wikipedia.org/wiki/%D0%A7%D1%83%D0%BA_%D0%B8_%D0%93%D0%B5%D0%BA
;;;Тимур и его команда;1940;https://ru.wikipedia.org/wiki/%D0%A2%D0%B8%D0%BC%D1%83%D1%80_%D0%B8_%D0%B5%D0%B3%D0%BE_%D0%BA%D0%BE%D0%BC%D0%B0%D0%BD%D0%B4%D0%B0
;;;Военная тайна;1935;https://ru.wikipedia.org/wiki/%D0%92%D0%BE%D0%B5%D0%BD%D0%BD%D0%B0%D1%8F_%D1%82%D0%B0%D0%B9%D0%BD%D0%B0_(%D0%BF%D0%BE%D0%B2%D0%B5%D1%81%D1%82%D1%8C)
Алексин, Анатолий Георгиевич;https://ru.wikipedia.org/wiki/%D0%90%D0%BB%D0%B5%D0%BA%D1%81%D0%B8%D0%BD,_%D0%90%D0%BD%D0%B0%D1%82%D0%BE%D0%BB%D0%B8%D0%B9_%D0%93%D0%B5%D0%BE%D1%80%D0%B3%D0%B8%D0%B5%D0%B2%D0%B8%D1%87;http://lib.ru/PROZA/ALEKSIN/;Мой брат играет на кларнете;1968;
;;;Поздний ребенок;1968;
;;;Безумная Евдокия;1976;https://ru.wikipedia.org/wiki/%D0%91%D0%B5%D0%B7%D1%83%D0%BC%D0%BD%D0%B0%D1%8F_%D0%95%D0%B2%D0%B4%D0%BE%D0%BA%D0%B8%D1%8F
;;;Раздел имущества;1978;
;;;Здоровые и больные;1981;
Остер, Григорий Бенционович;https://ru.wikipedia.org/wiki/%D0%9E%D1%81%D1%82%D0%B5%D1%80,_%D0%93%D1%80%D0%B8%D0%B3%D0%BE%D1%80%D0%B8%D0%B9_%D0%91%D0%B5%D0%BD%D1%86%D0%B8%D0%BE%D0%BD%D0%BE%D0%B2%D0%B8%D1%87;;38 попугаев;1978;
;;;"Котенок по имени ""Гав""";1976;
;;;Сказка с подробностями;1989;https://ru.wikipedia.org/wiki/%D0%A1%D0%BA%D0%B0%D0%B7%D0%BA%D0%B0_%D1%81_%D0%BF%D0%BE%D0%B4%D1%80%D0%BE%D0%B1%D0%BD%D0%BE%D1%81%D1%82%D1%8F%D0%BC%D0%B8
Успенский, Эдуард Николаевич;https://ru.wikipedia.org/wiki/%D0%A3%D1%81%D0%BF%D0%B5%D0%BD%D1%81%D0%BA%D0%B8%D0%B9,_%D0%AD%D0%B4%D1%83%D0%B0%D1%80%D0%B4_%D0%9D%D0%B8%D0%BA%D0%BE%D0%BB%D0%B0%D0%B5%D0%B2%D0%B8%D1%87;;Крокодил Гена и его друзья;1966;https://ru.wikipedia.org/wiki/%D0%9A%D1%80%D0%BE%D0%BA%D0%BE%D0%B4%D0%B8%D0%BB_%D0%93%D0%B5%D0%BD%D0%B0_%D0%B8_%D0%B5%D0%B3%D0%BE_%D0%B4%D1%80%D1%83%D0%B7%D1%8C%D1%8F
;;;Дядя Федор, Пес и кот;1973;https://ru.wikipedia.org/wiki/%D0%94%D1%8F%D0%B4%D1%8F_%D0%A4%D1%91%D0%B4%D0%BE%D1%80,_%D0%BF%D1%91%D1%81_%D0%B8_%D0%BA%D0%BE%D1%82
;;;Красная Рука, Чёрная Простыня, Зелёные Пальцы;1990;https://ru.wikipedia.org/wiki/%D0%9A%D1%80%D0%B0%D1%81%D0%BD%D0%B0%D1%8F_%D0%A0%D1%83%D0%BA%D0%B0,_%D0%A7%D1%91%D1%80%D0%BD%D0%B0%D1%8F_%D0%9F%D1%80%D0%BE%D1%81%D1%82%D1%8B%D0%BD%D1%8F,_%D0%97%D0%B5%D0%BB%D1%91%D0%BD%D1%8B%D0%B5_%D0%9F%D0%B0%D0%BB%D1%8C%D1%86%D1%8B
Емец, Дмитрий Александрович;https://ru.wikipedia.org/wiki/%D0%95%D0%BC%D0%B5%D1%86,_%D0%94%D0%BC%D0%B8%D1%82%D1%80%D0%B8%D0%B9_%D0%90%D0%BB%D0%B5%D0%BA%D1%81%D0%B0%D0%BD%D0%B4%D1%80%D0%BE%D0%B2%D0%B8%D1%87;;Таня Гроттер и магический контрабас;2002;
;;;Таня Гроттер и Золотая Пиявка ;2003;
;;;Таня Гроттер и птица Титанов;2012;
Погорельский, Антоний;https://ru.wikipedia.org/wiki/%D0%90%D0%BD%D1%82%D0%BE%D0%BD%D0%B8%D0%B9_%D0%9F%D0%BE%D0%B3%D0%BE%D1%80%D0%B5%D0%BB%D1%8C%D1%81%D0%BA%D0%B8%D0%B9#.D0.9B.D0.B8.D1.82.D0.B5.D1.80.D0.B0.D1.82.D1.83.D1.80.D0.B0;http://lib.ru/LITRA/POGORELSKIJ/;Лафертовая маковница;1825;https://ru.wikipedia.org/wiki/%D0%9B%D0%B0%D1%84%D0%B5%D1%80%D1%82%D0%BE%D0%B2%D1%81%D0%BA%D0%B0%D1%8F_%D0%BC%D0%B0%D0%BA%D0%BE%D0%B2%D0%BD%D0%B8%D1%86%D0%B0
;;;Черная курица, или Подземные жители;1826;https://ru.wikipedia.org/wiki/%D0%A7%D1%91%D1%80%D0%BD%D0%B0%D1%8F_%D0%BA%D1%83%D1%80%D0%B8%D1%86%D0%B0,_%D0%B8%D0%BB%D0%B8_%D0%9F%D0%BE%D0%B4%D0%B7%D0%B5%D0%BC%D0%BD%D1%8B%D0%B5_%D0%B6%D0%B8%D1%82%D0%B5%D0%BB%D0%B8
;;;Монастырка;1830-е;
Водолазкин, Евгений Германович;https://ru.wikipedia.org/wiki/%D0%92%D0%BE%D0%B4%D0%BE%D0%BB%D0%B0%D0%B7%D0%BA%D0%B8%D0%BD,_%D0%95%D0%B2%D0%B3%D0%B5%D0%BD%D0%B8%D0%B9_%D0%93%D0%B5%D1%80%D0%BC%D0%B0%D0%BD%D0%BE%D0%B2%D0%B8%D1%87;;Авиатор;2016;
;;;Лавр;2012;https://ru.wikipedia.org/wiki/%D0%9B%D0%B0%D0%B2%D1%80_(%D1%80%D0%BE%D0%BC%D0%B0%D0%BD)
;;;Соловьев и Ларионов;2010-е;
Юзефович, Леонид Абрамович;https://ru.wikipedia.org/wiki/%D0%AE%D0%B7%D0%B5%D1%84%D0%BE%D0%B2%D0%B8%D1%87,_%D0%9B%D0%B5%D0%BE%D0%BD%D0%B8%D0%B4_%D0%90%D0%B1%D1%80%D0%B0%D0%BC%D0%BE%D0%B2%D0%B8%D1%87;;Князь ветра;2001;https://ru.wikipedia.org/wiki/%D0%9A%D0%BD%D1%8F%D0%B7%D1%8C_%D0%B2%D0%B5%D1%82%D1%80%D0%B0
;;;Журавли и карлики;2009;https://ru.wikipedia.org/wiki/%D0%96%D1%83%D1%80%D0%B0%D0%B2%D0%BB%D0%B8_%D0%B8_%D0%BA%D0%B0%D1%80%D0%BB%D0%B8%D0%BA%D0%B8
;;;Зимняя дорога;2015;
Шишкин, Михаил Павлович;https://ru.wikipedia.org/wiki/%D0%A8%D0%B8%D1%88%D0%BA%D0%B8%D0%BD,_%D0%9C%D0%B8%D1%85%D0%B0%D0%B8%D0%BB_%D0%9F%D0%B0%D0%B2%D0%BB%D0%BE%D0%B2%D0%B8%D1%87;http://lib.ru/PROZA/SHISHKIN/;Взятие Измаила;1999;https://ru.wikipedia.org/wiki/%D0%92%D0%B7%D1%8F%D1%82%D0%B8%D0%B5_%D0%98%D0%B7%D0%BC%D0%B0%D0%B8%D0%BB%D0%B0_(%D1%80%D0%BE%D0%BC%D0%B0%D0%BD)
;;;Венерин волос;2005;https://ru.wikipedia.org/wiki/%D0%92%D0%B5%D0%BD%D0%B5%D1%80%D0%B8%D0%BD_%D0%B2%D0%BE%D0%BB%D0%BE%D1%81
;;;Письмовник;2010;https://ru.wikipedia.org/wiki/%D0%9F%D0%B8%D1%81%D1%8C%D0%BC%D0%BE%D0%B2%D0%BD%D0%B8%D0%BA_(%D1%80%D0%BE%D0%BC%D0%B0%D0%BD)
Матвеева, Анна Александровна;https://ru.wikipedia.org/wiki/%D0%9C%D0%B0%D1%82%D0%B2%D0%B5%D0%B5%D0%B2%D0%B0,_%D0%90%D0%BD%D0%BD%D0%B0_%D0%90%D0%BB%D0%B5%D0%BA%D1%81%D0%B0%D0%BD%D0%B4%D1%80%D0%BE%D0%B2%D0%BD%D0%B0;;Перевал Дятлова;2000;https://ru.wikipedia.org/wiki/%D0%9F%D0%B5%D1%80%D0%B5%D0%B2%D0%B0%D0%BB_%D0%94%D1%8F%D1%82%D0%BB%D0%BE%D0%B2%D0%B0_(%D0%BF%D0%BE%D0%B2%D0%B5%D1%81%D1%82%D1%8C)
;;;Па-де-труа;ок. 2000;
;;;Небеса;ок.2004;
;;;Взятие Бастилии;2015;
Федин, Константин Александрович;https://ru.wikipedia.org/wiki/%D0%A4%D0%B5%D0%B4%D0%B8%D0%BD,_%D0%9A%D0%BE%D0%BD%D1%81%D1%82%D0%B0%D0%BD%D1%82%D0%B8%D0%BD_%D0%90%D0%BB%D0%B5%D0%BA%D1%81%D0%B0%D0%BD%D0%B4%D1%80%D0%BE%D0%B2%D0%B8%D1%87;http://lib.ru/PROZA/FEDIN/;Города и годы;1924;https://ru.wikipedia.org/wiki/%D0%93%D0%BE%D1%80%D0%BE%D0%B4%D0%B0_%D0%B8_%D0%B3%D0%BE%D0%B4%D1%8B
;;;Первые радости;1948;
;;;Необыкновенное лето;1948;
Бажов, Павел Петрович;https://ru.wikipedia.org/wiki/%D0%91%D0%B0%D0%B6%D0%BE%D0%B2,_%D0%9F%D0%B0%D0%B2%D0%B5%D0%BB_%D0%9F%D0%B5%D1%82%D1%80%D0%BE%D0%B2%D0%B8%D1%87;http://lib.ru/TALES/BAZHOV/;Медной горы хозяка;;
;;;Огневушка-поскакушка;;
;;;Синюшкин колодец;;
;;;Горный мастер;;
;;;Каменный цветок;;
Гладков, Федор Васильевич;https://ru.wikipedia.org/wiki/%D0%93%D0%BB%D0%B0%D0%B4%D0%BA%D0%BE%D0%B2,_%D0%A4%D1%91%D0%B4%D0%BE%D1%80_%D0%92%D0%B0%D1%81%D0%B8%D0%BB%D1%8C%D0%B5%D0%B2%D0%B8%D1%87;;Цемент;1924;https://ru.wikipedia.org/wiki/%D0%A6%D0%B5%D0%BC%D0%B5%D0%BD%D1%82_(%D1%80%D0%BE%D0%BC%D0%B0%D0%BD)
;;;Энергия;1933;
;;;Лихая година;1954;
Лавренев, Борис Андреевич;https://ru.wikipedia.org/wiki/%D0%9B%D0%B0%D0%B2%D1%80%D0%B5%D0%BD%D1%91%D0%B2,_%D0%91%D0%BE%D1%80%D0%B8%D1%81_%D0%90%D0%BD%D0%B4%D1%80%D0%B5%D0%B5%D0%B2%D0%B8%D1%87;http://lib.ru/RUSSLIT/LAWRENEW/;Сорок первый;1924;
;;;Чертеж Архимеда;1937;
;;;Ветер;1926;
Макаренко, Антон Семенович;https://ru.wikipedia.org/wiki/%D0%9C%D0%B0%D0%BA%D0%B0%D1%80%D0%B5%D0%BD%D0%BA%D0%BE,_%D0%90%D0%BD%D1%82%D0%BE%D0%BD_%D0%A1%D0%B5%D0%BC%D1%91%D0%BD%D0%BE%D0%B2%D0%B8%D1%87;;Педагогическая поэма;1935;https://ru.wikipedia.org/wiki/%D0%9F%D0%B5%D0%B4%D0%B0%D0%B3%D0%BE%D0%B3%D0%B8%D1%87%D0%B5%D1%81%D0%BA%D0%B0%D1%8F_%D0%BF%D0%BE%D1%8D%D0%BC%D0%B0
;;;Флаги на башнях;1938;
;;;Честь;1938;
Эренбург, Илья Григорьевич;https://ru.wikipedia.org/wiki/%D0%AD%D1%80%D0%B5%D0%BD%D0%B1%D1%83%D1%80%D0%B3,_%D0%98%D0%BB%D1%8C%D1%8F_%D0%93%D1%80%D0%B8%D0%B3%D0%BE%D1%80%D1%8C%D0%B5%D0%B2%D0%B8%D1%87;http://lib.ru/PROZA/ERENBURG/;Оттепель;1954;
;;;В первый день;1941;
;;;Преступление и наказание;1942;
;;;Возвращение Прозерпины;1943;
;;;Перед финалом;1945;
Осоргин, Михаил Андреевич;https://ru.wikipedia.org/wiki/%D0%9E%D1%81%D0%BE%D1%80%D0%B3%D0%B8%D0%BD,_%D0%9C%D0%B8%D1%85%D0%B0%D0%B8%D0%BB_%D0%90%D0%BD%D0%B4%D1%80%D0%B5%D0%B5%D0%B2%D0%B8%D1%87;http://lib.ru/RUSSLIT/OSORGIN/;Сивцев Вражек;1928;
;;;Свидетель истории;1932;
;;;Книга о концах;1935;
;;;Вольный каменщик;1937;
Алешковский, Петр Маркович;https://ru.wikipedia.org/wiki/%D0%90%D0%BB%D0%B5%D1%88%D0%BA%D0%BE%D0%B2%D1%81%D0%BA%D0%B8%D0%B9,_%D0%9F%D1%91%D1%82%D1%80_%D0%9C%D0%B0%D1%80%D0%BA%D0%BE%D0%B2%D0%B8%D1%87;;Обратная сторона Луны;2010;
;;; Институт сновидений;2009;
;;; Крепость;2015;
Прокофьева, Софья Леонидовна;https://ru.wikipedia.org/wiki/%D0%9F%D1%80%D0%BE%D0%BA%D0%BE%D1%84%D1%8C%D0%B5%D0%B2%D0%B0,_%D0%A1%D0%BE%D1%84%D1%8C%D1%8F_%D0%9B%D0%B5%D0%BE%D0%BD%D0%B8%D0%B4%D0%BE%D0%B2%D0%BD%D0%B0;http://lib.ru/TALES/PROKOFXEWA/;Ученик волшебника;1957;
;;;Приключения желтого чемоданчика;1966;
;;;Белоснежка и принц;1997;
;;;Остров капитанов;1977;
Чарская, Лидия Алексеевна;https://ru.wikipedia.org/wiki/%D0%A7%D0%B0%D1%80%D1%81%D0%BA%D0%B0%D1%8F,_%D0%9B%D0%B8%D0%B4%D0%B8%D1%8F_%D0%90%D0%BB%D0%B5%D0%BA%D1%81%D0%B5%D0%B5%D0%B2%D0%BD%D0%B0;http://az.lib.ru/c/charskaja_l_a/;Записки институтки;ок.1900;https://ru.wikipedia.org/wiki/%D0%97%D0%B0%D0%BF%D0%B8%D1%81%D0%BA%D0%B8_%D0%B8%D0%BD%D1%81%D1%82%D0%B8%D1%82%D1%83%D1%82%D0%BA%D0%B8
;;;Княжна Джаваха;1903;https://ru.wikipedia.org/wiki/%D0%9A%D0%BD%D1%8F%D0%B6%D0%BD%D0%B0_%D0%94%D0%B6%D0%B0%D0%B2%D0%B0%D1%85%D0%B0
;;;Смелая жизнь;1905;https://ru.wikipedia.org/wiki/%D0%A1%D0%BC%D0%B5%D0%BB%D0%B0%D1%8F_%D0%B6%D0%B8%D0%B7%D0%BD%D1%8C
